profile_id,profile_name,period_label,tradition_label,profile_status,coordinates_status,issue_id,issue_group_id,dossier_status,position_candidate_count,position_epistemic_statuses,position_attribution_types,position_domains,position_evidence_link_count,position_evidence_passage_count,source_linked_passage_count,source_linked_passage_statuses,translation_segment_count_by_language_status,position_review_event_count,source_ids,source_roles,source_identity_review_states,source_edition_review_states,source_rights_states,coverage_state
al-sarakhsi,Al-Sarakhsī,,,candidate,not_computed,I01,sources-transmission,candidate_evidence,0,,,,0,0,35,machine_candidate=35,,0,shamela:5423;shamela:6301,applied-law text; legal-method text,work-versus-edition unresolved,metadata recorded; printed/scan collation pending,needs_review,source_linked_passages_only_unreviewed
al-sarakhsi,Al-Sarakhsī,,,candidate,not_computed,I02,sources-transmission,candidate_evidence,1,candidate,author_argument,legal method; transmitted reports,1,1,93,machine_candidate=93,en/working_draft=1,1,shamela:5423;shamela:6301,applied-law text; legal-method text,work-versus-edition unresolved,metadata recorded; printed/scan collation pending,needs_review,profile_position_candidates_unreviewed
al-sarakhsi,Al-Sarakhsī,,,candidate,not_computed,I03,sources-transmission,candidate_evidence,0,,,,0,0,107,machine_candidate=107,,0,shamela:5423;shamela:6301,applied-law text; legal-method text,work-versus-edition unresolved,metadata recorded; printed/scan collation pending,needs_review,source_linked_passages_only_unreviewed
al-sarakhsi,Al-Sarakhsī,,,candidate,not_computed,I04,sources-transmission,candidate_evidence,0,,,,0,0,0,,,0,shamela:5423;shamela:6301,applied-law text; legal-method text,work-versus-edition unresolved,metadata recorded; printed/scan collation pending,needs_review,no_source_linked_candidate_in_current_store
al-sarakhsi,Al-Sarakhsī,,,candidate,not_computed,I05,sources-transmission,candidate_evidence,0,,,,0,0,86,machine_candidate=86,,0,shamela:5423;shamela:6301,applied-law text; legal-method text,work-versus-edition unresolved,metadata recorded; printed/scan collation pending,needs_review,source_linked_passages_only_unreviewed
al-sarakhsi,Al-Sarakhsī,,,candidate,not_computed,I06,sources-transmission,candidate_evidence,0,,,,0,0,7,machine_candidate=7,,0,shamela:5423;shamela:6301,applied-law text; legal-method text,work-versus-edition unresolved,metadata recorded; printed/scan collation pending,needs_review,source_linked_passages_only_unreviewed
al-sarakhsi,Al-Sarakhsī,,,candidate,not_computed,I07,reasoning-welfare-custom,candidate_evidence,1,candidate,author_argument,legal method; analogical inference,1,1,158,machine_candidate=158,en/working_draft=1,1,shamela:5423;shamela:6301,applied-law text; legal-method text,work-versus-edition unresolved,metadata recorded; printed/scan collation pending,needs_review,profile_position_candidates_unreviewed
al-sarakhsi,Al-Sarakhsī,,,candidate,not_computed,I08,reasoning-welfare-custom,candidate_evidence,0,,,,0,0,20,machine_candidate=20,,0,shamela:5423;shamela:6301,applied-law text; legal-method text,work-versus-edition unresolved,metadata recorded; printed/scan collation pending,needs_review,source_linked_passages_only_unreviewed
al-sarakhsi,Al-Sarakhsī,,,candidate,not_computed,I09,reasoning-welfare-custom,candidate_evidence,0,,,,0,0,0,,,0,shamela:5423;shamela:6301,applied-law text; legal-method text,work-versus-edition unresolved,metadata recorded; printed/scan collation pending,needs_review,no_source_linked_candidate_in_current_store
al-sarakhsi,Al-Sarakhsī,,,candidate,not_computed,I10,reasoning-welfare-custom,candidate_evidence,0,,,,0,0,32,machine_candidate=32,,0,shamela:5423;shamela:6301,applied-law text; legal-method text,work-versus-edition unresolved,metadata recorded; printed/scan collation pending,needs_review,source_linked_passages_only_unreviewed
al-sarakhsi,Al-Sarakhsī,,,candidate,not_computed,I11,reasoning-welfare-custom,candidate_evidence,0,,,,0,0,456,machine_candidate=456,,0,shamela:5423;shamela:6301,applied-law text; legal-method text,work-versus-edition unresolved,metadata recorded; printed/scan collation pending,needs_review,source_linked_passages_only_unreviewed
al-sarakhsi,Al-Sarakhsī,,,candidate,not_computed,I12,reasoning-welfare-custom,candidate_evidence,0,,,,0,0,5,machine_candidate=5,,0,shamela:5423;shamela:6301,applied-law text; legal-method text,work-versus-edition unresolved,metadata recorded; printed/scan collation pending,needs_review,source_linked_passages_only_unreviewed
al-sarakhsi,Al-Sarakhsī,,,candidate,not_computed,I13,context-authority,candidate_evidence,0,,,,0,0,3,machine_candidate=3,,0,shamela:5423;shamela:6301,applied-law text; legal-method text,work-versus-edition unresolved,metadata recorded; printed/scan collation pending,needs_review,source_linked_passages_only_unreviewed
al-sarakhsi,Al-Sarakhsī,,,candidate,not_computed,I14,context-authority,candidate_evidence,0,,,,0,0,7,machine_candidate=7,,0,shamela:5423;shamela:6301,applied-law text; legal-method text,work-versus-edition unresolved,metadata recorded; printed/scan collation pending,needs_review,source_linked_passages_only_unreviewed
al-sarakhsi,Al-Sarakhsī,,,candidate,not_computed,I15,context-authority,candidate_evidence,0,,,,0,0,1411,machine_candidate=1411,,0,shamela:5423;shamela:6301,applied-law text; legal-method text,work-versus-edition unresolved,metadata recorded; printed/scan collation pending,needs_review,source_linked_passages_only_unreviewed
al-sarakhsi,Al-Sarakhsī,,,candidate,not_computed,I16,uncertainty-abrogation,candidate_evidence,0,,,,0,0,40,machine_candidate=40,,0,shamela:5423;shamela:6301,applied-law text; legal-method text,work-versus-edition unresolved,metadata recorded; printed/scan collation pending,needs_review,source_linked_passages_only_unreviewed
al-sarakhsi,Al-Sarakhsī,,,candidate,not_computed,I17,uncertainty-abrogation,candidate_evidence,0,,,,0,0,194,machine_candidate=194,,0,shamela:5423;shamela:6301,applied-law text; legal-method text,work-versus-edition unresolved,metadata recorded; printed/scan collation pending,needs_review,source_linked_passages_only_unreviewed
al-sarakhsi,Al-Sarakhsī,,,candidate,not_computed,I18,uncertainty-abrogation,candidate_evidence,1,candidate,author_argument,fixed penalties; testimonial delay and suspicion,1,1,94,machine_candidate=94,en/working_draft=1,1,shamela:5423;shamela:6301,applied-law text; legal-method text,work-versus-edition unresolved,metadata recorded; printed/scan collation pending,needs_review,profile_position_candidates_unreviewed
al-sarakhsi,Al-Sarakhsī,,,candidate,not_computed,I19,uncertainty-abrogation,candidate_evidence,0,,,,0,0,83,machine_candidate=83,,0,shamela:5423;shamela:6301,applied-law text; legal-method text,work-versus-edition unresolved,metadata recorded; printed/scan collation pending,needs_review,source_linked_passages_only_unreviewed
al-sarakhsi,Al-Sarakhsī,,,candidate,not_computed,I20,uncertainty-abrogation,candidate_evidence,0,,,,0,0,10,machine_candidate=10,,0,shamela:5423;shamela:6301,applied-law text; legal-method text,work-versus-edition unresolved,metadata recorded; printed/scan collation pending,needs_review,source_linked_passages_only_unreviewed
al-shafii,Al-Shāfiʿī,,,candidate,not_computed,I01,sources-transmission,candidate_evidence,1,candidate,author_statement,legal method; sources and inference,1,1,147,machine_candidate=147,en/working_draft=1,1,shamela:1655;shamela:8180,applied-law text; methodology/source text,work-versus-edition unresolved,metadata recorded; printed/scan collation pending,needs_review,profile_position_candidates_unreviewed
al-shafii,Al-Shāfiʿī,,,candidate,not_computed,I02,sources-transmission,candidate_evidence,0,,,,0,0,25,machine_candidate=25,,0,shamela:1655;shamela:8180,applied-law text; methodology/source text,work-versus-edition unresolved,metadata recorded; printed/scan collation pending,needs_review,source_linked_passages_only_unreviewed
al-shafii,Al-Shāfiʿī,,,candidate,not_computed,I03,sources-transmission,candidate_evidence,0,,,,0,0,27,machine_candidate=27,,0,shamela:1655;shamela:8180,applied-law text; methodology/source text,work-versus-edition unresolved,metadata recorded; printed/scan collation pending,needs_review,source_linked_passages_only_unreviewed
al-shafii,Al-Shāfiʿī,,,candidate,not_computed,I04,sources-transmission,candidate_evidence,1,candidate,author_argument,legal method; inherited practice and reports; gifts,1,1,20,machine_candidate=20,en/working_draft=1,1,shamela:1655;shamela:8180,applied-law text; methodology/source text,work-versus-edition unresolved,metadata recorded; printed/scan collation pending,needs_review,profile_position_candidates_unreviewed
al-shafii,Al-Shāfiʿī,,,candidate,not_computed,I05,sources-transmission,candidate_evidence,1,candidate,author_statement,"legal method; consensus, reports, and analogy",1,1,22,machine_candidate=22,en/working_draft=1,1,shamela:1655;shamela:8180,applied-law text; methodology/source text,work-versus-edition unresolved,metadata recorded; printed/scan collation pending,needs_review,profile_position_candidates_unreviewed
al-shafii,Al-Shāfiʿī,,,candidate,not_computed,I06,sources-transmission,candidate_evidence,0,,,,0,0,0,,,0,shamela:1655;shamela:8180,applied-law text; methodology/source text,work-versus-edition unresolved,metadata recorded; printed/scan collation pending,needs_review,no_source_linked_candidate_in_current_store
al-shafii,Al-Shāfiʿī,,,candidate,not_computed,I07,reasoning-welfare-custom,candidate_evidence,0,,,,0,0,73,machine_candidate=73,,0,shamela:1655;shamela:8180,applied-law text; methodology/source text,work-versus-edition unresolved,metadata recorded; printed/scan collation pending,needs_review,source_linked_passages_only_unreviewed
al-shafii,Al-Shāfiʿī,,,candidate,not_computed,I08,reasoning-welfare-custom,candidate_evidence,0,,,,0,0,0,,,0,shamela:1655;shamela:8180,applied-law text; methodology/source text,work-versus-edition unresolved,metadata recorded; printed/scan collation pending,needs_review,no_source_linked_candidate_in_current_store
al-shafii,Al-Shāfiʿī,,,candidate,not_computed,I09,reasoning-welfare-custom,candidate_evidence,0,,,,0,0,0,,,0,shamela:1655;shamela:8180,applied-law text; methodology/source text,work-versus-edition unresolved,metadata recorded; printed/scan collation pending,needs_review,no_source_linked_candidate_in_current_store
al-shafii,Al-Shāfiʿī,,,candidate,not_computed,I10,reasoning-welfare-custom,candidate_evidence,0,,,,0,0,2,machine_candidate=2,,0,shamela:1655;shamela:8180,applied-law text; methodology/source text,work-versus-edition unresolved,metadata recorded; printed/scan collation pending,needs_review,source_linked_passages_only_unreviewed
al-shafii,Al-Shāfiʿī,,,candidate,not_computed,I11,reasoning-welfare-custom,candidate_evidence,0,,,,0,0,43,machine_candidate=43,,0,shamela:1655;shamela:8180,applied-law text; methodology/source text,work-versus-edition unresolved,metadata recorded; printed/scan collation pending,needs_review,source_linked_passages_only_unreviewed
al-shafii,Al-Shāfiʿī,,,candidate,not_computed,I12,reasoning-welfare-custom,candidate_evidence,0,,,,0,0,3,machine_candidate=3,,0,shamela:1655;shamela:8180,applied-law text; methodology/source text,work-versus-edition unresolved,metadata recorded; printed/scan collation pending,needs_review,source_linked_passages_only_unreviewed
al-shafii,Al-Shāfiʿī,,,candidate,not_computed,I13,context-authority,candidate_evidence,0,,,,0,0,0,,,0,shamela:1655;shamela:8180,applied-law text; methodology/source text,work-versus-edition unresolved,metadata recorded; printed/scan collation pending,needs_review,no_source_linked_candidate_in_current_store
al-shafii,Al-Shāfiʿī,,,candidate,not_computed,I14,context-authority,candidate_evidence,0,,,,0,0,2,machine_candidate=2,,0,shamela:1655;shamela:8180,applied-law text; methodology/source text,work-versus-edition unresolved,metadata recorded; printed/scan collation pending,needs_review,source_linked_passages_only_unreviewed
al-shafii,Al-Shāfiʿī,,,candidate,not_computed,I15,context-authority,candidate_evidence,0,,,,0,0,90,machine_candidate=90,,0,shamela:1655;shamela:8180,applied-law text; methodology/source text,work-versus-edition unresolved,metadata recorded; printed/scan collation pending,needs_review,source_linked_passages_only_unreviewed
al-shafii,Al-Shāfiʿī,,,candidate,not_computed,I16,uncertainty-abrogation,candidate_evidence,0,,,,0,0,0,,,0,shamela:1655;shamela:8180,applied-law text; methodology/source text,work-versus-edition unresolved,metadata recorded; printed/scan collation pending,needs_review,no_source_linked_candidate_in_current_store
al-shafii,Al-Shāfiʿī,,,candidate,not_computed,I17,uncertainty-abrogation,candidate_evidence,1,candidate,author_statement,practical ruling; ritual purification and uncertainty,1,1,87,machine_candidate=87,en/working_draft=1,1,shamela:1655;shamela:8180,applied-law text; methodology/source text,work-versus-edition unresolved,metadata recorded; printed/scan collation pending,needs_review,profile_position_candidates_unreviewed
al-shafii,Al-Shāfiʿī,,,candidate,not_computed,I18,uncertainty-abrogation,candidate_evidence,0,,,,0,0,0,,,0,shamela:1655;shamela:8180,applied-law text; methodology/source text,work-versus-edition unresolved,metadata recorded; printed/scan collation pending,needs_review,no_source_linked_candidate_in_current_store
al-shafii,Al-Shāfiʿī,,,candidate,not_computed,I19,uncertainty-abrogation,candidate_evidence,0,,,,0,0,482,machine_candidate=482,,0,shamela:1655;shamela:8180,applied-law text; methodology/source text,work-versus-edition unresolved,metadata recorded; printed/scan collation pending,needs_review,source_linked_passages_only_unreviewed
al-shafii,Al-Shāfiʿī,,,candidate,not_computed,I20,uncertainty-abrogation,candidate_evidence,0,,,,0,0,1,machine_candidate=1,,0,shamela:1655;shamela:8180,applied-law text; methodology/source text,work-versus-edition unresolved,metadata recorded; printed/scan collation pending,needs_review,source_linked_passages_only_unreviewed
al-shatibi,Al-Shāṭibī,,,candidate,not_computed,I01,sources-transmission,candidate_evidence,0,,,,0,0,195,machine_candidate=195,,0,shamela:11435,legal-method text,work-versus-edition unresolved,metadata recorded; printed/scan collation pending,needs_review,source_linked_passages_only_unreviewed
al-shatibi,Al-Shāṭibī,,,candidate,not_computed,I02,sources-transmission,candidate_evidence,0,,,,0,0,0,,,0,shamela:11435,legal-method text,work-versus-edition unresolved,metadata recorded; printed/scan collation pending,needs_review,no_source_linked_candidate_in_current_store
al-shatibi,Al-Shāṭibī,,,candidate,not_computed,I03,sources-transmission,candidate_evidence,0,,,,0,0,0,,,0,shamela:11435,legal-method text,work-versus-edition unresolved,metadata recorded; printed/scan collation pending,needs_review,no_source_linked_candidate_in_current_store
al-shatibi,Al-Shāṭibī,,,candidate,not_computed,I04,sources-transmission,candidate_evidence,0,,,,0,0,0,,,0,shamela:11435,legal-method text,work-versus-edition unresolved,metadata recorded; printed/scan collation pending,needs_review,no_source_linked_candidate_in_current_store
al-shatibi,Al-Shāṭibī,,,candidate,not_computed,I05,sources-transmission,candidate_evidence,0,,,,0,0,141,machine_candidate=141,,0,shamela:11435,legal-method text,work-versus-edition unresolved,metadata recorded; printed/scan collation pending,needs_review,source_linked_passages_only_unreviewed
al-shatibi,Al-Shāṭibī,,,candidate,not_computed,I06,sources-transmission,candidate_evidence,0,,,,0,0,5,machine_candidate=5,,0,shamela:11435,legal-method text,work-versus-edition unresolved,metadata recorded; printed/scan collation pending,needs_review,source_linked_passages_only_unreviewed
al-shatibi,Al-Shāṭibī,,,candidate,not_computed,I07,reasoning-welfare-custom,candidate_evidence,0,,,,0,0,227,machine_candidate=227,,0,shamela:11435,legal-method text,work-versus-edition unresolved,metadata recorded; printed/scan collation pending,needs_review,source_linked_passages_only_unreviewed
al-shatibi,Al-Shāṭibī,,,candidate,not_computed,I08,reasoning-welfare-custom,candidate_evidence,0,,,,0,0,0,,,0,shamela:11435,legal-method text,work-versus-edition unresolved,metadata recorded; printed/scan collation pending,needs_review,no_source_linked_candidate_in_current_store
al-shatibi,Al-Shāṭibī,,,candidate,not_computed,I09,reasoning-welfare-custom,candidate_evidence,0,,,,0,0,17,machine_candidate=17,,0,shamela:11435,legal-method text,work-versus-edition unresolved,metadata recorded; printed/scan collation pending,needs_review,source_linked_passages_only_unreviewed
al-shatibi,Al-Shāṭibī,,,candidate,not_computed,I10,reasoning-welfare-custom,candidate_evidence,1,candidate,author_argument,legal method; public welfare and maslaha mursala,1,1,359,machine_candidate=359,en/working_draft=1,1,shamela:11435,legal-method text,work-versus-edition unresolved,metadata recorded; printed/scan collation pending,needs_review,profile_position_candidates_unreviewed
al-shatibi,Al-Shāṭibī,,,candidate,not_computed,I11,reasoning-welfare-custom,candidate_evidence,0,,,,0,0,144,machine_candidate=144,,0,shamela:11435,legal-method text,work-versus-edition unresolved,metadata recorded; printed/scan collation pending,needs_review,source_linked_passages_only_unreviewed
al-shatibi,Al-Shāṭibī,,,candidate,not_computed,I12,reasoning-welfare-custom,candidate_evidence,0,,,,0,0,8,machine_candidate=8,,0,shamela:11435,legal-method text,work-versus-edition unresolved,metadata recorded; printed/scan collation pending,needs_review,source_linked_passages_only_unreviewed
al-shatibi,Al-Shāṭibī,,,candidate,not_computed,I13,context-authority,candidate_evidence,1,candidate,author_statement,legal method; context and application; verification of the operative case,1,1,59,machine_candidate=59,en/working_draft=1,1,shamela:11435,legal-method text,work-versus-edition unresolved,metadata recorded; printed/scan collation pending,needs_review,profile_position_candidates_unreviewed
al-shatibi,Al-Shāṭibī,,,candidate,not_computed,I14,context-authority,candidate_evidence,1,candidate,author_argument,legal method; lay following and conflicting fatwas,1,1,65,machine_candidate=65,en/working_draft=1,1,shamela:11435,legal-method text,work-versus-edition unresolved,metadata recorded; printed/scan collation pending,needs_review,profile_position_candidates_unreviewed
al-shatibi,Al-Shāṭibī,,,candidate,not_computed,I15,context-authority,candidate_evidence,0,,,,0,0,368,machine_candidate=368,,0,shamela:11435,legal-method text,work-versus-edition unresolved,metadata recorded; printed/scan collation pending,needs_review,source_linked_passages_only_unreviewed
al-shatibi,Al-Shāṭibī,,,candidate,not_computed,I16,uncertainty-abrogation,candidate_evidence,0,,,,0,0,21,machine_candidate=21,,0,shamela:11435,legal-method text,work-versus-edition unresolved,metadata recorded; printed/scan collation pending,needs_review,source_linked_passages_only_unreviewed
al-shatibi,Al-Shāṭibī,,,candidate,not_computed,I17,uncertainty-abrogation,candidate_evidence,0,,,,0,0,0,,,0,shamela:11435,legal-method text,work-versus-edition unresolved,metadata recorded; printed/scan collation pending,needs_review,no_source_linked_candidate_in_current_store
al-shatibi,Al-Shāṭibī,,,candidate,not_computed,I18,uncertainty-abrogation,candidate_evidence,0,,,,0,0,0,,,0,shamela:11435,legal-method text,work-versus-edition unresolved,metadata recorded; printed/scan collation pending,needs_review,no_source_linked_candidate_in_current_store
al-shatibi,Al-Shāṭibī,,,candidate,not_computed,I19,uncertainty-abrogation,candidate_evidence,0,,,,0,0,253,machine_candidate=253,,0,shamela:11435,legal-method text,work-versus-edition unresolved,metadata recorded; printed/scan collation pending,needs_review,source_linked_passages_only_unreviewed
al-shatibi,Al-Shāṭibī,,,candidate,not_computed,I20,uncertainty-abrogation,candidate_evidence,0,,,,0,0,2,machine_candidate=2,,0,shamela:11435,legal-method text,work-versus-edition unresolved,metadata recorded; printed/scan collation pending,needs_review,source_linked_passages_only_unreviewed
al-tabari,Al-Ṭabarī,,,candidate,not_computed,I01,sources-transmission,candidate_evidence,0,,,,0,0,0,,,0,shamela:7492,comparative-law text; authorial stance requires verification,work-versus-edition unresolved,metadata recorded; printed/scan collation pending,needs_review,no_source_linked_candidate_in_current_store
al-tabari,Al-Ṭabarī,,,candidate,not_computed,I02,sources-transmission,candidate_evidence,0,,,,0,0,0,,,0,shamela:7492,comparative-law text; authorial stance requires verification,work-versus-edition unresolved,metadata recorded; printed/scan collation pending,needs_review,no_source_linked_candidate_in_current_store
al-tabari,Al-Ṭabarī,,,candidate,not_computed,I03,sources-transmission,candidate_evidence,0,,,,0,0,0,,,0,shamela:7492,comparative-law text; authorial stance requires verification,work-versus-edition unresolved,metadata recorded; printed/scan collation pending,needs_review,no_source_linked_candidate_in_current_store
al-tabari,Al-Ṭabarī,,,candidate,not_computed,I04,sources-transmission,candidate_evidence,0,,,,0,0,1,machine_candidate=1,,0,shamela:7492,comparative-law text; authorial stance requires verification,work-versus-edition unresolved,metadata recorded; printed/scan collation pending,needs_review,source_linked_passages_only_unreviewed
al-tabari,Al-Ṭabarī,,,candidate,not_computed,I05,sources-transmission,candidate_evidence,0,,,,0,0,17,machine_candidate=17,,0,shamela:7492,comparative-law text; authorial stance requires verification,work-versus-edition unresolved,metadata recorded; printed/scan collation pending,needs_review,source_linked_passages_only_unreviewed
al-tabari,Al-Ṭabarī,,,candidate,not_computed,I06,sources-transmission,candidate_evidence,0,,,,0,0,0,,,0,shamela:7492,comparative-law text; authorial stance requires verification,work-versus-edition unresolved,metadata recorded; printed/scan collation pending,needs_review,no_source_linked_candidate_in_current_store
al-tabari,Al-Ṭabarī,,,candidate,not_computed,I07,reasoning-welfare-custom,candidate_evidence,0,,,,0,0,0,,,0,shamela:7492,comparative-law text; authorial stance requires verification,work-versus-edition unresolved,metadata recorded; printed/scan collation pending,needs_review,no_source_linked_candidate_in_current_store
al-tabari,Al-Ṭabarī,,,candidate,not_computed,I08,reasoning-welfare-custom,candidate_evidence,0,,,,0,0,0,,,0,shamela:7492,comparative-law text; authorial stance requires verification,work-versus-edition unresolved,metadata recorded; printed/scan collation pending,needs_review,no_source_linked_candidate_in_current_store
al-tabari,Al-Ṭabarī,,,candidate,not_computed,I09,reasoning-welfare-custom,candidate_evidence,0,,,,0,0,0,,,0,shamela:7492,comparative-law text; authorial stance requires verification,work-versus-edition unresolved,metadata recorded; printed/scan collation pending,needs_review,no_source_linked_candidate_in_current_store
al-tabari,Al-Ṭabarī,,,candidate,not_computed,I10,reasoning-welfare-custom,candidate_evidence,0,,,,0,0,0,,,0,shamela:7492,comparative-law text; authorial stance requires verification,work-versus-edition unresolved,metadata recorded; printed/scan collation pending,needs_review,no_source_linked_candidate_in_current_store
al-tabari,Al-Ṭabarī,,,candidate,not_computed,I11,reasoning-welfare-custom,candidate_evidence,0,,,,0,0,0,,,0,shamela:7492,comparative-law text; authorial stance requires verification,work-versus-edition unresolved,metadata recorded; printed/scan collation pending,needs_review,no_source_linked_candidate_in_current_store
al-tabari,Al-Ṭabarī,,,candidate,not_computed,I12,reasoning-welfare-custom,candidate_evidence,0,,,,0,0,0,,,0,shamela:7492,comparative-law text; authorial stance requires verification,work-versus-edition unresolved,metadata recorded; printed/scan collation pending,needs_review,no_source_linked_candidate_in_current_store
al-tabari,Al-Ṭabarī,,,candidate,not_computed,I13,context-authority,candidate_evidence,0,,,,0,0,0,,,0,shamela:7492,comparative-law text; authorial stance requires verification,work-versus-edition unresolved,metadata recorded; printed/scan collation pending,needs_review,no_source_linked_candidate_in_current_store
al-tabari,Al-Ṭabarī,,,candidate,not_computed,I14,context-authority,candidate_evidence,0,,,,0,0,1,machine_candidate=1,,0,shamela:7492,comparative-law text; authorial stance requires verification,work-versus-edition unresolved,metadata recorded; printed/scan collation pending,needs_review,source_linked_passages_only_unreviewed
al-tabari,Al-Ṭabarī,,,candidate,not_computed,I15,context-authority,candidate_evidence,0,,,,0,0,0,,,0,shamela:7492,comparative-law text; authorial stance requires verification,work-versus-edition unresolved,metadata recorded; printed/scan collation pending,needs_review,no_source_linked_candidate_in_current_store
al-tabari,Al-Ṭabarī,,,candidate,not_computed,I16,uncertainty-abrogation,candidate_evidence,0,,,,0,0,0,,,0,shamela:7492,comparative-law text; authorial stance requires verification,work-versus-edition unresolved,metadata recorded; printed/scan collation pending,needs_review,no_source_linked_candidate_in_current_store
al-tabari,Al-Ṭabarī,,,candidate,not_computed,I17,uncertainty-abrogation,candidate_evidence,0,,,,0,0,0,,,0,shamela:7492,comparative-law text; authorial stance requires verification,work-versus-edition unresolved,metadata recorded; printed/scan collation pending,needs_review,no_source_linked_candidate_in_current_store
al-tabari,Al-Ṭabarī,,,candidate,not_computed,I18,uncertainty-abrogation,candidate_evidence,0,,,,0,0,0,,,0,shamela:7492,comparative-law text; authorial stance requires verification,work-versus-edition unresolved,metadata recorded; printed/scan collation pending,needs_review,no_source_linked_candidate_in_current_store
al-tabari,Al-Ṭabarī,,,candidate,not_computed,I19,uncertainty-abrogation,candidate_evidence,0,,,,0,0,26,machine_candidate=26,,0,shamela:7492,comparative-law text; authorial stance requires verification,work-versus-edition unresolved,metadata recorded; printed/scan collation pending,needs_review,source_linked_passages_only_unreviewed
al-tabari,Al-Ṭabarī,,,candidate,not_computed,I20,uncertainty-abrogation,candidate_evidence,0,,,,0,0,0,,,0,shamela:7492,comparative-law text; authorial stance requires verification,work-versus-edition unresolved,metadata recorded; printed/scan collation pending,needs_review,no_source_linked_candidate_in_current_store
ibn-al-mundhir,Ibn al-Mundhir,,,candidate,not_computed,I01,sources-transmission,candidate_evidence,0,,,,0,0,0,,,0,shamela:21113,comparative report of early disagreements,work-versus-edition unresolved,metadata recorded; printed/scan collation pending,needs_review,no_source_linked_candidate_in_current_store
ibn-al-mundhir,Ibn al-Mundhir,,,candidate,not_computed,I02,sources-transmission,candidate_evidence,0,,,,0,0,3,machine_candidate=3,,0,shamela:21113,comparative report of early disagreements,work-versus-edition unresolved,metadata recorded; printed/scan collation pending,needs_review,source_linked_passages_only_unreviewed
ibn-al-mundhir,Ibn al-Mundhir,,,candidate,not_computed,I03,sources-transmission,candidate_evidence,0,,,,0,0,31,machine_candidate=31,,0,shamela:21113,comparative report of early disagreements,work-versus-edition unresolved,metadata recorded; printed/scan collation pending,needs_review,source_linked_passages_only_unreviewed
ibn-al-mundhir,Ibn al-Mundhir,,,candidate,not_computed,I04,sources-transmission,candidate_evidence,0,,,,0,0,17,machine_candidate=17,,0,shamela:21113,comparative report of early disagreements,work-versus-edition unresolved,metadata recorded; printed/scan collation pending,needs_review,source_linked_passages_only_unreviewed
ibn-al-mundhir,Ibn al-Mundhir,,,candidate,not_computed,I05,sources-transmission,candidate_evidence,0,,,,0,0,70,machine_candidate=70,,0,shamela:21113,comparative report of early disagreements,work-versus-edition unresolved,metadata recorded; printed/scan collation pending,needs_review,source_linked_passages_only_unreviewed
ibn-al-mundhir,Ibn al-Mundhir,,,candidate,not_computed,I06,sources-transmission,candidate_evidence,0,,,,0,0,0,,,0,shamela:21113,comparative report of early disagreements,work-versus-edition unresolved,metadata recorded; printed/scan collation pending,needs_review,no_source_linked_candidate_in_current_store
ibn-al-mundhir,Ibn al-Mundhir,,,candidate,not_computed,I07,reasoning-welfare-custom,candidate_evidence,0,,,,0,0,0,,,0,shamela:21113,comparative report of early disagreements,work-versus-edition unresolved,metadata recorded; printed/scan collation pending,needs_review,no_source_linked_candidate_in_current_store
ibn-al-mundhir,Ibn al-Mundhir,,,candidate,not_computed,I08,reasoning-welfare-custom,candidate_evidence,0,,,,0,0,0,,,0,shamela:21113,comparative report of early disagreements,work-versus-edition unresolved,metadata recorded; printed/scan collation pending,needs_review,no_source_linked_candidate_in_current_store
ibn-al-mundhir,Ibn al-Mundhir,,,candidate,not_computed,I09,reasoning-welfare-custom,candidate_evidence,0,,,,0,0,0,,,0,shamela:21113,comparative report of early disagreements,work-versus-edition unresolved,metadata recorded; printed/scan collation pending,needs_review,no_source_linked_candidate_in_current_store
ibn-al-mundhir,Ibn al-Mundhir,,,candidate,not_computed,I10,reasoning-welfare-custom,candidate_evidence,0,,,,0,0,0,,,0,shamela:21113,comparative report of early disagreements,work-versus-edition unresolved,metadata recorded; printed/scan collation pending,needs_review,no_source_linked_candidate_in_current_store
ibn-al-mundhir,Ibn al-Mundhir,,,candidate,not_computed,I11,reasoning-welfare-custom,candidate_evidence,0,,,,0,0,0,,,0,shamela:21113,comparative report of early disagreements,work-versus-edition unresolved,metadata recorded; printed/scan collation pending,needs_review,no_source_linked_candidate_in_current_store
ibn-al-mundhir,Ibn al-Mundhir,,,candidate,not_computed,I12,reasoning-welfare-custom,candidate_evidence,0,,,,0,0,0,,,0,shamela:21113,comparative report of early disagreements,work-versus-edition unresolved,metadata recorded; printed/scan collation pending,needs_review,no_source_linked_candidate_in_current_store
ibn-al-mundhir,Ibn al-Mundhir,,,candidate,not_computed,I13,context-authority,candidate_evidence,0,,,,0,0,0,,,0,shamela:21113,comparative report of early disagreements,work-versus-edition unresolved,metadata recorded; printed/scan collation pending,needs_review,no_source_linked_candidate_in_current_store
ibn-al-mundhir,Ibn al-Mundhir,,,candidate,not_computed,I14,context-authority,candidate_evidence,0,,,,0,0,0,,,0,shamela:21113,comparative report of early disagreements,work-versus-edition unresolved,metadata recorded; printed/scan collation pending,needs_review,no_source_linked_candidate_in_current_store
ibn-al-mundhir,Ibn al-Mundhir,,,candidate,not_computed,I15,context-authority,candidate_evidence,0,,,,0,0,0,,,0,shamela:21113,comparative report of early disagreements,work-versus-edition unresolved,metadata recorded; printed/scan collation pending,needs_review,no_source_linked_candidate_in_current_store
ibn-al-mundhir,Ibn al-Mundhir,,,candidate,not_computed,I16,uncertainty-abrogation,candidate_evidence,0,,,,0,0,0,,,0,shamela:21113,comparative report of early disagreements,work-versus-edition unresolved,metadata recorded; printed/scan collation pending,needs_review,no_source_linked_candidate_in_current_store
ibn-al-mundhir,Ibn al-Mundhir,,,candidate,not_computed,I17,uncertainty-abrogation,candidate_evidence,0,,,,0,0,22,machine_candidate=22,,0,shamela:21113,comparative report of early disagreements,work-versus-edition unresolved,metadata recorded; printed/scan collation pending,needs_review,source_linked_passages_only_unreviewed
ibn-al-mundhir,Ibn al-Mundhir,,,candidate,not_computed,I18,uncertainty-abrogation,candidate_evidence,0,,,,0,0,3,machine_candidate=3,,0,shamela:21113,comparative report of early disagreements,work-versus-edition unresolved,metadata recorded; printed/scan collation pending,needs_review,source_linked_passages_only_unreviewed
ibn-al-mundhir,Ibn al-Mundhir,,,candidate,not_computed,I19,uncertainty-abrogation,candidate_evidence,0,,,,0,0,0,,,0,shamela:21113,comparative report of early disagreements,work-versus-edition unresolved,metadata recorded; printed/scan collation pending,needs_review,no_source_linked_candidate_in_current_store
ibn-al-mundhir,Ibn al-Mundhir,,,candidate,not_computed,I20,uncertainty-abrogation,candidate_evidence,0,,,,0,0,0,,,0,shamela:21113,comparative report of early disagreements,work-versus-edition unresolved,metadata recorded; printed/scan collation pending,needs_review,no_source_linked_candidate_in_current_store
ibn-hazm,Ibn Ḥazm,,,candidate,not_computed,I01,sources-transmission,candidate_evidence,1,candidate,author_argument,legal method; extra-Qur'anic authority,1,1,61,machine_candidate=61,en/working_draft=1,1,shamela:10432;shamela:767,applied-law text; legal-method text,work-versus-edition unresolved,metadata recorded; printed/scan collation pending,needs_review,profile_position_candidates_unreviewed
ibn-hazm,Ibn Ḥazm,,,candidate,not_computed,I02,sources-transmission,candidate_evidence,1,candidate,author_argument,legal method; solitary reports and variant wording,1,1,71,machine_candidate=71,en/working_draft=1,1,shamela:10432;shamela:767,applied-law text; legal-method text,work-versus-edition unresolved,metadata recorded; printed/scan collation pending,needs_review,profile_position_candidates_unreviewed
ibn-hazm,Ibn Ḥazm,,,candidate,not_computed,I03,sources-transmission,candidate_evidence,1,candidate,author_argument,legal method; general and specific texts,1,1,113,machine_candidate=113,en/working_draft=1,1,shamela:10432;shamela:767,applied-law text; legal-method text,work-versus-edition unresolved,metadata recorded; printed/scan collation pending,needs_review,profile_position_candidates_unreviewed
ibn-hazm,Ibn Ḥazm,,,candidate,not_computed,I04,sources-transmission,candidate_evidence,0,,,,0,0,0,,,0,shamela:10432;shamela:767,applied-law text; legal-method text,work-versus-edition unresolved,metadata recorded; printed/scan collation pending,needs_review,no_source_linked_candidate_in_current_store
ibn-hazm,Ibn Ḥazm,,,candidate,not_computed,I05,sources-transmission,candidate_evidence,0,,,,0,0,237,machine_candidate=237,,0,shamela:10432;shamela:767,applied-law text; legal-method text,work-versus-edition unresolved,metadata recorded; printed/scan collation pending,needs_review,source_linked_passages_only_unreviewed
ibn-hazm,Ibn Ḥazm,,,candidate,not_computed,I06,sources-transmission,candidate_evidence,0,,,,0,0,8,machine_candidate=8,en/working_draft=1,0,shamela:10432;shamela:767,applied-law text; legal-method text,work-versus-edition unresolved,metadata recorded; printed/scan collation pending,needs_review,source_linked_passages_only_unreviewed
ibn-hazm,Ibn Ḥazm,,,candidate,not_computed,I07,reasoning-welfare-custom,candidate_evidence,1,candidate,author_statement,legal method; analogical inference,1,1,281,machine_candidate=281,en/working_draft=1,1,shamela:10432;shamela:767,applied-law text; legal-method text,work-versus-edition unresolved,metadata recorded; printed/scan collation pending,needs_review,profile_position_candidates_unreviewed
ibn-hazm,Ibn Ḥazm,,,candidate,not_computed,I08,reasoning-welfare-custom,candidate_evidence,0,,,,0,0,6,machine_candidate=6,,0,shamela:10432;shamela:767,applied-law text; legal-method text,work-versus-edition unresolved,metadata recorded; printed/scan collation pending,needs_review,source_linked_passages_only_unreviewed
ibn-hazm,Ibn Ḥazm,,,candidate,not_computed,I09,reasoning-welfare-custom,candidate_evidence,1,candidate,author_argument,legal method; independent rational judgment,1,1,9,machine_candidate=9,en/working_draft=1,1,shamela:10432;shamela:767,applied-law text; legal-method text,work-versus-edition unresolved,metadata recorded; printed/scan collation pending,needs_review,profile_position_candidates_unreviewed
ibn-hazm,Ibn Ḥazm,,,candidate,not_computed,I10,reasoning-welfare-custom,candidate_evidence,0,,,,0,0,0,,,0,shamela:10432;shamela:767,applied-law text; legal-method text,work-versus-edition unresolved,metadata recorded; printed/scan collation pending,needs_review,no_source_linked_candidate_in_current_store
ibn-hazm,Ibn Ḥazm,,,candidate,not_computed,I11,reasoning-welfare-custom,candidate_evidence,0,,,,0,0,0,,,0,shamela:10432;shamela:767,applied-law text; legal-method text,work-versus-edition unresolved,metadata recorded; printed/scan collation pending,needs_review,no_source_linked_candidate_in_current_store
ibn-hazm,Ibn Ḥazm,,,candidate,not_computed,I12,reasoning-welfare-custom,candidate_evidence,0,,,,0,0,0,,,0,shamela:10432;shamela:767,applied-law text; legal-method text,work-versus-edition unresolved,metadata recorded; printed/scan collation pending,needs_review,no_source_linked_candidate_in_current_store
ibn-hazm,Ibn Ḥazm,,,candidate,not_computed,I13,context-authority,candidate_evidence,0,,,,0,0,0,,,0,shamela:10432;shamela:767,applied-law text; legal-method text,work-versus-edition unresolved,metadata recorded; printed/scan collation pending,needs_review,no_source_linked_candidate_in_current_store
ibn-hazm,Ibn Ḥazm,,,candidate,not_computed,I14,context-authority,candidate_evidence,0,,,,0,0,20,machine_candidate=20,,0,shamela:10432;shamela:767,applied-law text; legal-method text,work-versus-edition unresolved,metadata recorded; printed/scan collation pending,needs_review,source_linked_passages_only_unreviewed
ibn-hazm,Ibn Ḥazm,,,candidate,not_computed,I15,context-authority,candidate_evidence,1,candidate,author_argument,"legal method; juristic authority, ijtihad, and taqlid",1,1,47,machine_candidate=47,en/working_draft=1,1,shamela:10432;shamela:767,applied-law text; legal-method text,work-versus-edition unresolved,metadata recorded; printed/scan collation pending,needs_review,profile_position_candidates_unreviewed
ibn-hazm,Ibn Ḥazm,,,candidate,not_computed,I16,uncertainty-abrogation,candidate_evidence,1,candidate,author_argument,legal method; default status of acts,1,1,12,machine_candidate=12,en/working_draft=1,1,shamela:10432;shamela:767,applied-law text; legal-method text,work-versus-edition unresolved,metadata recorded; printed/scan collation pending,needs_review,profile_position_candidates_unreviewed
ibn-hazm,Ibn Ḥazm,,,candidate,not_computed,I17,uncertainty-abrogation,candidate_evidence,0,,,,0,0,118,machine_candidate=118,,0,shamela:10432;shamela:767,applied-law text; legal-method text,work-versus-edition unresolved,metadata recorded; printed/scan collation pending,needs_review,source_linked_passages_only_unreviewed
ibn-hazm,Ibn Ḥazm,,,candidate,not_computed,I18,uncertainty-abrogation,candidate_evidence,1,candidate,author_argument,fixed penalties; testimony and proof requirements,1,1,151,machine_candidate=151,en/working_draft=1,1,shamela:10432;shamela:767,applied-law text; legal-method text,work-versus-edition unresolved,metadata recorded; printed/scan collation pending,needs_review,profile_position_candidates_unreviewed
ibn-hazm,Ibn Ḥazm,,,candidate,not_computed,I19,uncertainty-abrogation,candidate_evidence,2,candidate,author_statement,legal method; definition and scope of abrogation; legal method; proof and classification of abrogation,2,2,67,machine_candidate=67,en/working_draft=2,2,shamela:10432;shamela:767,applied-law text; legal-method text,work-versus-edition unresolved,metadata recorded; printed/scan collation pending,needs_review,profile_position_candidates_unreviewed
ibn-hazm,Ibn Ḥazm,,,candidate,not_computed,I20,uncertainty-abrogation,candidate_evidence,1,candidate,author_argument,legal method; abrogation across Qur'an and Sunna,1,1,5,machine_candidate=5,en/working_draft=1,1,shamela:10432;shamela:767,applied-law text; legal-method text,work-versus-edition unresolved,metadata recorded; printed/scan collation pending,needs_review,profile_position_candidates_unreviewed
ibn-qudama,Ibn Qudāma,,,candidate,not_computed,I01,sources-transmission,candidate_evidence,0,,,,0,0,0,,,0,shamela:8463,comparative applied-law text,work-versus-edition unresolved,metadata recorded; printed/scan collation pending,needs_review,no_source_linked_candidate_in_current_store
ibn-qudama,Ibn Qudāma,,,candidate,not_computed,I02,sources-transmission,candidate_evidence,0,,,,0,0,0,,,0,shamela:8463,comparative applied-law text,work-versus-edition unresolved,metadata recorded; printed/scan collation pending,needs_review,no_source_linked_candidate_in_current_store
ibn-qudama,Ibn Qudāma,,,candidate,not_computed,I03,sources-transmission,candidate_evidence,0,,,,0,0,0,,,0,shamela:8463,comparative applied-law text,work-versus-edition unresolved,metadata recorded; printed/scan collation pending,needs_review,no_source_linked_candidate_in_current_store
ibn-qudama,Ibn Qudāma,,,candidate,not_computed,I04,sources-transmission,candidate_evidence,0,,,,0,0,38,machine_candidate=38,,0,shamela:8463,comparative applied-law text,work-versus-edition unresolved,metadata recorded; printed/scan collation pending,needs_review,source_linked_passages_only_unreviewed
ibn-qudama,Ibn Qudāma,,,candidate,not_computed,I05,sources-transmission,candidate_evidence,0,,,,0,0,437,machine_candidate=437,,0,shamela:8463,comparative applied-law text,work-versus-edition unresolved,metadata recorded; printed/scan collation pending,needs_review,source_linked_passages_only_unreviewed
ibn-qudama,Ibn Qudāma,,,candidate,not_computed,I06,sources-transmission,candidate_evidence,0,,,,0,0,16,machine_candidate=16,,0,shamela:8463,comparative applied-law text,work-versus-edition unresolved,metadata recorded; printed/scan collation pending,needs_review,source_linked_passages_only_unreviewed
ibn-qudama,Ibn Qudāma,,,candidate,not_computed,I07,reasoning-welfare-custom,candidate_evidence,0,,,,0,0,363,machine_candidate=363,,0,shamela:8463,comparative applied-law text,work-versus-edition unresolved,metadata recorded; printed/scan collation pending,needs_review,source_linked_passages_only_unreviewed
ibn-qudama,Ibn Qudāma,,,candidate,not_computed,I08,reasoning-welfare-custom,candidate_evidence,0,,,,0,0,0,,,0,shamela:8463,comparative applied-law text,work-versus-edition unresolved,metadata recorded; printed/scan collation pending,needs_review,no_source_linked_candidate_in_current_store
ibn-qudama,Ibn Qudāma,,,candidate,not_computed,I09,reasoning-welfare-custom,candidate_evidence,0,,,,0,0,0,,,0,shamela:8463,comparative applied-law text,work-versus-edition unresolved,metadata recorded; printed/scan collation pending,needs_review,no_source_linked_candidate_in_current_store
ibn-qudama,Ibn Qudāma,,,candidate,not_computed,I10,reasoning-welfare-custom,candidate_evidence,0,,,,0,0,85,machine_candidate=85,,0,shamela:8463,comparative applied-law text,work-versus-edition unresolved,metadata recorded; printed/scan collation pending,needs_review,source_linked_passages_only_unreviewed
ibn-qudama,Ibn Qudāma,,,candidate,not_computed,I11,reasoning-welfare-custom,candidate_evidence,0,,,,0,0,398,machine_candidate=398,en/working_draft=2,0,shamela:8463,comparative applied-law text,work-versus-edition unresolved,metadata recorded; printed/scan collation pending,needs_review,source_linked_passages_only_unreviewed
ibn-qudama,Ibn Qudāma,,,candidate,not_computed,I12,reasoning-welfare-custom,candidate_evidence,1,candidate,author_argument,"practical ruling; marriage contract, custom, and maintenance",1,1,23,machine_candidate=23,en/working_draft=1,1,shamela:8463,comparative applied-law text,work-versus-edition unresolved,metadata recorded; printed/scan collation pending,needs_review,profile_position_candidates_unreviewed
ibn-qudama,Ibn Qudāma,,,candidate,not_computed,I13,context-authority,candidate_evidence,0,,,,0,0,1,machine_candidate=1,,0,shamela:8463,comparative applied-law text,work-versus-edition unresolved,metadata recorded; printed/scan collation pending,needs_review,source_linked_passages_only_unreviewed
ibn-qudama,Ibn Qudāma,,,candidate,not_computed,I14,context-authority,candidate_evidence,0,,,,0,0,0,,,0,shamela:8463,comparative applied-law text,work-versus-edition unresolved,metadata recorded; printed/scan collation pending,needs_review,no_source_linked_candidate_in_current_store
ibn-qudama,Ibn Qudāma,,,candidate,not_computed,I15,context-authority,candidate_evidence,0,,,,0,0,427,machine_candidate=427,,0,shamela:8463,comparative applied-law text,work-versus-edition unresolved,metadata recorded; printed/scan collation pending,needs_review,source_linked_passages_only_unreviewed
ibn-qudama,Ibn Qudāma,,,candidate,not_computed,I16,uncertainty-abrogation,candidate_evidence,0,,,,0,0,32,machine_candidate=32,,0,shamela:8463,comparative applied-law text,work-versus-edition unresolved,metadata recorded; printed/scan collation pending,needs_review,source_linked_passages_only_unreviewed
ibn-qudama,Ibn Qudāma,,,candidate,not_computed,I17,uncertainty-abrogation,candidate_evidence,0,,,,0,0,233,machine_candidate=233,,0,shamela:8463,comparative applied-law text,work-versus-edition unresolved,metadata recorded; printed/scan collation pending,needs_review,source_linked_passages_only_unreviewed
ibn-qudama,Ibn Qudāma,,,candidate,not_computed,I18,uncertainty-abrogation,candidate_evidence,1,candidate,author_argument,fixed penalties; case-specific ownership doubt,1,1,82,machine_candidate=82,en/working_draft=1,1,shamela:8463,comparative applied-law text,work-versus-edition unresolved,metadata recorded; printed/scan collation pending,needs_review,profile_position_candidates_unreviewed
ibn-qudama,Ibn Qudāma,,,candidate,not_computed,I19,uncertainty-abrogation,candidate_evidence,0,,,,0,0,0,,,0,shamela:8463,comparative applied-law text,work-versus-edition unresolved,metadata recorded; printed/scan collation pending,needs_review,no_source_linked_candidate_in_current_store
ibn-qudama,Ibn Qudāma,,,candidate,not_computed,I20,uncertainty-abrogation,candidate_evidence,0,,,,0,0,0,,,0,shamela:8463,comparative applied-law text,work-versus-edition unresolved,metadata recorded; printed/scan collation pending,needs_review,no_source_linked_candidate_in_current_store
ibn-rushd,Ibn Rushd,,,candidate,not_computed,I01,sources-transmission,candidate_evidence,0,,,,0,0,0,,,0,shamela:21739,comparative synthesis; attributed positions require verification,work-versus-edition unresolved,metadata recorded; printed/scan collation pending,needs_review,no_source_linked_candidate_in_current_store
ibn-rushd,Ibn Rushd,,,candidate,not_computed,I02,sources-transmission,candidate_evidence,0,,,,0,0,15,machine_candidate=15,,0,shamela:21739,comparative synthesis; attributed positions require verification,work-versus-edition unresolved,metadata recorded; printed/scan collation pending,needs_review,source_linked_passages_only_unreviewed
ibn-rushd,Ibn Rushd,,,candidate,not_computed,I03,sources-transmission,candidate_evidence,0,,,,0,0,101,machine_candidate=101,,0,shamela:21739,comparative synthesis; attributed positions require verification,work-versus-edition unresolved,metadata recorded; printed/scan collation pending,needs_review,source_linked_passages_only_unreviewed
ibn-rushd,Ibn Rushd,,,candidate,not_computed,I04,sources-transmission,candidate_evidence,0,,,,0,0,15,machine_candidate=15,,0,shamela:21739,comparative synthesis; attributed positions require verification,work-versus-edition unresolved,metadata recorded; printed/scan collation pending,needs_review,source_linked_passages_only_unreviewed
ibn-rushd,Ibn Rushd,,,candidate,not_computed,I05,sources-transmission,candidate_evidence,0,,,,0,0,197,machine_candidate=197,,0,shamela:21739,comparative synthesis; attributed positions require verification,work-versus-edition unresolved,metadata recorded; printed/scan collation pending,needs_review,source_linked_passages_only_unreviewed
ibn-rushd,Ibn Rushd,,,candidate,not_computed,I06,sources-transmission,candidate_evidence,0,,,,0,0,0,,,0,shamela:21739,comparative synthesis; attributed positions require verification,work-versus-edition unresolved,metadata recorded; printed/scan collation pending,needs_review,no_source_linked_candidate_in_current_store
ibn-rushd,Ibn Rushd,,,candidate,not_computed,I07,reasoning-welfare-custom,candidate_evidence,0,,,,0,0,236,machine_candidate=236,,0,shamela:21739,comparative synthesis; attributed positions require verification,work-versus-edition unresolved,metadata recorded; printed/scan collation pending,needs_review,source_linked_passages_only_unreviewed
ibn-rushd,Ibn Rushd,,,candidate,not_computed,I08,reasoning-welfare-custom,candidate_evidence,1,candidate,author_argument,legal method; analogy in ritual prayer,1,1,2,machine_candidate=2,en/working_draft=2,1,shamela:21739,comparative synthesis; attributed positions require verification,work-versus-edition unresolved,metadata recorded; printed/scan collation pending,needs_review,profile_position_candidates_unreviewed
ibn-rushd,Ibn Rushd,,,candidate,not_computed,I09,reasoning-welfare-custom,candidate_evidence,0,,,,0,0,0,,,0,shamela:21739,comparative synthesis; attributed positions require verification,work-versus-edition unresolved,metadata recorded; printed/scan collation pending,needs_review,no_source_linked_candidate_in_current_store
ibn-rushd,Ibn Rushd,,,candidate,not_computed,I10,reasoning-welfare-custom,candidate_evidence,0,,,,0,0,25,machine_candidate=25,,0,shamela:21739,comparative synthesis; attributed positions require verification,work-versus-edition unresolved,metadata recorded; printed/scan collation pending,needs_review,source_linked_passages_only_unreviewed
ibn-rushd,Ibn Rushd,,,candidate,not_computed,I11,reasoning-welfare-custom,candidate_evidence,0,,,,0,0,50,machine_candidate=50,,0,shamela:21739,comparative synthesis; attributed positions require verification,work-versus-edition unresolved,metadata recorded; printed/scan collation pending,needs_review,source_linked_passages_only_unreviewed
ibn-rushd,Ibn Rushd,,,candidate,not_computed,I12,reasoning-welfare-custom,candidate_evidence,0,,,,0,0,4,machine_candidate=4,,0,shamela:21739,comparative synthesis; attributed positions require verification,work-versus-edition unresolved,metadata recorded; printed/scan collation pending,needs_review,source_linked_passages_only_unreviewed
ibn-rushd,Ibn Rushd,,,candidate,not_computed,I13,context-authority,candidate_evidence,0,,,,0,0,0,,,0,shamela:21739,comparative synthesis; attributed positions require verification,work-versus-edition unresolved,metadata recorded; printed/scan collation pending,needs_review,no_source_linked_candidate_in_current_store
ibn-rushd,Ibn Rushd,,,candidate,not_computed,I14,context-authority,candidate_evidence,0,,,,0,0,2,machine_candidate=2,,0,shamela:21739,comparative synthesis; attributed positions require verification,work-versus-edition unresolved,metadata recorded; printed/scan collation pending,needs_review,source_linked_passages_only_unreviewed
ibn-rushd,Ibn Rushd,,,candidate,not_computed,I15,context-authority,candidate_evidence,0,,,,0,0,0,,,0,shamela:21739,comparative synthesis; attributed positions require verification,work-versus-edition unresolved,metadata recorded; printed/scan collation pending,needs_review,no_source_linked_candidate_in_current_store
ibn-rushd,Ibn Rushd,,,candidate,not_computed,I16,uncertainty-abrogation,candidate_evidence,0,,,,0,0,0,,,0,shamela:21739,comparative synthesis; attributed positions require verification,work-versus-edition unresolved,metadata recorded; printed/scan collation pending,needs_review,no_source_linked_candidate_in_current_store
ibn-rushd,Ibn Rushd,,,candidate,not_computed,I17,uncertainty-abrogation,candidate_evidence,0,,,,0,0,0,,,0,shamela:21739,comparative synthesis; attributed positions require verification,work-versus-edition unresolved,metadata recorded; printed/scan collation pending,needs_review,no_source_linked_candidate_in_current_store
ibn-rushd,Ibn Rushd,,,candidate,not_computed,I18,uncertainty-abrogation,candidate_evidence,0,,,,0,0,10,machine_candidate=10,,0,shamela:21739,comparative synthesis; attributed positions require verification,work-versus-edition unresolved,metadata recorded; printed/scan collation pending,needs_review,source_linked_passages_only_unreviewed
ibn-rushd,Ibn Rushd,,,candidate,not_computed,I19,uncertainty-abrogation,candidate_evidence,0,,,,0,0,18,machine_candidate=18,,0,shamela:21739,comparative synthesis; attributed positions require verification,work-versus-edition unresolved,metadata recorded; printed/scan collation pending,needs_review,source_linked_passages_only_unreviewed
ibn-rushd,Ibn Rushd,,,candidate,not_computed,I20,uncertainty-abrogation,candidate_evidence,0,,,,0,0,1,machine_candidate=1,,0,shamela:21739,comparative synthesis; attributed positions require verification,work-versus-edition unresolved,metadata recorded; printed/scan collation pending,needs_review,source_linked_passages_only_unreviewed
