#,status,current_title,recommended_title,old_slug,recommended_slug,slug_action,category,seo_focus_keyword,permalink_path,thumbnail_template,thumbnail_title,visual_motif,micro_labels
1,publish,The Apostasy Hadith: The Case Against Ikrima,Apostasy Hadith and Ikrima: A Transmission-Critical Case,the-apostasy-hadith-the-case-against-ikrima,apostasy-hadith-ikrima-transmission-critique,Update title/slug + 301 redirect,Hadith Transmission & Rijāl Criticism,Apostasy Hadith and Ikrima,/apostasy-hadith-ikrima-transmission-critique/,isnad-forensics,THE APOSTASY  THE CASE AGAINST IKRIMA,"A severed legal verdict stamp over a single narrator-node labeled IKRIMA, with a broken chain descending from Ibn ʿAbbās.",apostasy; Ikrima; common-link; legal hadith
2,publish,The Descension of Jesus in The End of Times - Umayyad Propaganda,Descension of Jesus Hadith and Umayyad Propaganda,experiencing-tokyo-like-a-local,descension-jesus-hadith-umayyad-propaganda,Replace irrelevant/encoded slug + 301 redirect,"Prophecies, Eschatology & Miracle Claims",Descension of Jesus Hadith and Umayyad Propaganda,/descension-jesus-hadith-umayyad-propaganda/,prophecy-dossier,THE DESCENSION OF JESUS IN THE END OF TIMES,A Umayyad coin silhouette beside a descending-arrow prophecy diagram; “RETURN” appears as a redacted dossier stamp.,Jesus return; Umayyad propaganda; eschatology
3,publish,The Zubayrid Mahdi - The Zubayrid Retaliation Against the Umayyads!,Zubayrid Mahdi: Anti-Umayyad Prophecy and Political Retaliation,the-mahdi-the-tale-behind-the-zubayrid-retaliation-against-the-umayyads,zubayrid-mahdi-anti-umayyad-prophecy-political-retaliation,Update title/slug + 301 redirect,"Prophecies, Eschatology & Miracle Claims",Zubayrid Mahdi,/zubayrid-mahdi-anti-umayyad-prophecy-political-retaliation/,prophecy-dossier,THE ZUBAYRID MAHDI,"Two rival banners facing each other over a Hijaz map grid, with “MAHDI CLAIM” stamped across the center.",Zubayrid Mahdi; Umayyads; political prophecy
4,publish,The Dajjal - An Apocryphal Creation,The Dajjal Hadith: An Apocryphal Creation,exploring-the-cuisine-of-marrakech,dajjal-hadith-apocryphal-creation,Replace irrelevant/encoded slug + 301 redirect,"Prophecies, Eschatology & Miracle Claims",The Dajjal Hadith,/dajjal-hadith-apocryphal-creation/,prophecy-dossier,THE DAJJAL - AN APOCRYPHAL CREATION,"An apocrypha file card with a distorted eye-symbol reduced to a forensic evidence icon, not horror imagery.",Dajjal; apocrypha; eschatology
5,publish,Fabricated Hadith Prophecy: Bedouins Building Tall Buildings,Bedouins Building Tall Buildings: A Fabricated Hadith Prophecy,debunking-the-hadith-prophecy-of-bedouins-building-tall-buildings,bedouins-building-tall-buildings-fabricated-prophecy,Update title/slug + 301 redirect,"Prophecies, Eschatology & Miracle Claims",Bedouins Building Tall Buildings,/bedouins-building-tall-buildings-fabricated-prophecy/,prophecy-dossier,BEDOUINS BUILDING TALL BUILDINGS,"A chronological evidence board: date ticks, event cards, redacted prophecy quote, and manuscript dust.",bedouins; tall buildings; prophecy
6,publish,Angel Gabriel - 600 Wings?,"Angel Gabriel’s 600 Wings: Hadith, Symbolism, and Contradiction",angel-gabriel-600-wings-or-1-4-wings,angel-gabriels-600-wings-hadith-symbolism-contradiction,Update title/slug + 301 redirect,Quranic Theology & Tafsir,Angel Gabriel’s 600 Wings,/angel-gabriels-600-wings-hadith-symbolism-contradiction/,quranic-criterion,ANGEL GABRIEL - 600 WINGS?,An angelic wing count grid rendered as abstract feather marks and a “600?” evidence tag.,Gabriel; angelology; hadith imagery
7,publish,How Long Did The Prophet Stay In Mecca?,How Long Did the Prophet Stay in Mecca? Conflicting Reports,how-long-did-the-prophet-stay-in-mecca,how-long-did-prophet-stay-mecca-conflicting-reports,Update title/slug + 301 redirect,Hadith Transmission & Rijāl Criticism,How Long Did the Prophet Stay,/how-long-did-prophet-stay-mecca-conflicting-reports/,prophecy-dossier,HOW LONG DID THE PROPHET STAY IN MECCA?,"A chronological evidence board: date ticks, event cards, redacted prophecy quote, and manuscript dust.",Mecca chronology; hadith contradiction
8,publish,Divine Inspirations: An Analytical Comparison of Caedmon’s and Muhammad’s Revelations,Caedmon and Muhammad: A Comparative Study of Revelation,divine-inspirations-an-analytical-comparison-of-caedmons-and-muhammads-revelations,caedmon-muhammad-comparison-revelation,Shorten slug + 301 redirect,Comparative Religion & Biblical Studies,Caedmon and Muhammad,/caedmon-muhammad-comparison-revelation/,comparative-manuscripts,DIVINE INSPIRATIONS,Facing manuscript pages with cross-reference threads and small marginal “source” tags.,Caedmon; Muhammad; revelation comparison
9,publish,The Satanic Verses Incident,Satanic Verses Incident: A Transmission-Critical Study,the-satanic-verses-incident,satanic-verses-incident-transmission-critical-study,Update title/slug + 301 redirect,Hadith Transmission & Rijāl Criticism,Satanic Verses Incident,/satanic-verses-incident-transmission-critical-study/,isnad-forensics,THE SATANIC VERSES INCIDENT,A radial transmitter network with one common-link node glowing gold and questionable paths in muted red.,Satanic Verses; transmission history
10,publish,Muhammad Did Not Split The Moon.,Did Muhammad Split the Moon? A Quranic and Historical Critique,muhammad-did-not-split-the-moon,did-muhammad-split-moon-quran-history-critique,Update title/slug + 301 redirect,"Prophecies, Eschatology & Miracle Claims",Muhammad Split the Moon? A Quranic,/did-muhammad-split-moon-quran-history-critique/,prophecy-dossier,MUHAMMAD DID NOT SPLIT THE MOON.,A lunar disk crossed by measurement lines and a skeptical “NO EXTERNAL ATTESTATION” stamp.,moon split; miracle claim
11,publish,The Hadith of the Drought - Al-Albani Refutation,Hadith of the Drought: A Refutation of al-Albani,the-hadith-of-the-drought-al-albani-foundation-refutation,hadith-drought-refutation-al-albani,Update title/slug + 301 redirect,Hadith Transmission & Rijāl Criticism,Hadith of the Drought,/hadith-drought-refutation-al-albani/,isnad-forensics,THE HADITH OF THE DROUGHT - AL-ALBANI REFUTATION,A radial transmitter network with one common-link node glowing gold and questionable paths in muted red.,drought hadith; Albani refutation
12,publish,The Hadith of Angels Cursing Women Who Don't Sleep With Their Husbands,Angels Cursing Women Hadith: A Quranic Critique,the-hadith-of-angels-cursing-women-who-dont-sleep-with-their-husbands,angels-cursing-women-hadith-quranic-critique,Update title/slug + 301 redirect,Ritual Practice & Legal Reform,Angels Cursing Women Hadith,/angels-cursing-women-hadith-quranic-critique/,quranic-criterion,THE HADITH OF ANGELS CURSING WOMEN WHO DON'T SLEEP WI…,"A luminous Quranic folio panel centered against a dark grid, with external claims orbiting as faint labels.",marital sex; women; legal hadith
13,publish,Imam Ahmad Supplicated Through Dead People,Did Imam Ahmad Supplicate Through the Dead?,imam-ahmad-supplicates-through-dead-people,did-imam-ahmad-supplicate-through-dead,Update title/slug + 301 redirect,Quranic Theology & Tafsir,Imam Ahmad Supplicate Through the Dead,/did-imam-ahmad-supplicate-through-dead/,quranic-criterion,IMAM AHMAD SUPPLICATED THROUGH DEAD PEOPLE,"A luminous Quranic folio panel centered against a dark grid, with external claims orbiting as faint labels.",intercession; supplication; tawassul
14,publish,The Salafi Paradox,"The Salafi Paradox: Authority, Literalism, and Contradiction",the-salafi-paradox,salafi-paradox-authority-literalism-contradiction,Update title/slug + 301 redirect,Philosophy & Epistemology,The Salafi Paradox,/salafi-paradox-authority-literalism-contradiction/,logic-lab,THE SALAFI PARADOX,"A clean argument diagram: premises, inference arrows, contradiction marker, and verification seal.",Salafi paradox; self-referential critique
15,publish,The Hasanid Mahdi - A Mahdi Fabricated by Asim (Teacher of Quran Reciter Hafs),"Hasanid Mahdi Hadith: ʿĀṣim, Ḥafṣ, and Fabricated Prophecy",the-hasanid-mahdi-a-mahdi-fabricated-by-asim-teacher-of-quran-reciter-hafs,hasanid-mahdi-asim-hafs-fabricated-prophecy,Update title/slug + 301 redirect,"Prophecies, Eschatology & Miracle Claims",Hasanid Mahdi Hadith,/hasanid-mahdi-asim-hafs-fabricated-prophecy/,prophecy-dossier,THE HASANID MAHDI,"A chronological evidence board: date ticks, event cards, redacted prophecy quote, and manuscript dust.",Hasanid Mahdi; Asim; prophecy fabrication
16,publish,The Kaysanite Mahdi - The Obscure 3rd Son of Ali,Kaysanite Mahdi: Muhammad ibn al-Hanafiyyah and Early Messianism,the-kaysanite-mahdi-the-obscure-3rd-son-of-ali,kaysanite-mahdi-muhammad-ibn-al-hanafiyyah-early-messianism,Update title/slug + 301 redirect,"Prophecies, Eschatology & Miracle Claims",Kaysanite Mahdi,/kaysanite-mahdi-muhammad-ibn-al-hanafiyyah-early-messianism/,prophecy-dossier,THE KAYSANITE MAHDI - THE OBSCURE 3RD SON OF ALI,"A chronological evidence board: date ticks, event cards, redacted prophecy quote, and manuscript dust.",Kaysanite Mahdi; Ibn al-Hanafiyyah; sectarian prophecy
17,publish,The Corruption of Prayer Within The Hadith,The Corruption of Prayer in the Hadith Corpus,the-corruption-of-prayer-within-the-hadith,corruption-prayer-hadith-corpus,Update title/slug + 301 redirect,Ritual Practice & Legal Reform,The Corruption of Prayer in the Hadith Corpus,/corruption-prayer-hadith-corpus/,ritual-diagram,THE CORRUPTION OF PRAYER WITHIN THE HADITH,Minimal standing-bowing-prostration geometry shown as gold line icons on a black grid.,prayer; salat; hadith corruption
18,publish,ʿIlm al-Rijāl (علم الرجال) - A Case Study Of This Flawed Science,ʿIlm al-Rijāl: A Case Study in Hadith Science,%ca%bfilm-al-rijal-%d8%b9%d9%84%d9%85-%d8%a7%d9%84%d8%b1%d8%ac%d8%a7%d9%84-a-case-study-of-this-flawed-science,ilm-al-rijal-case-study-hadith-science,Replace irrelevant/encoded slug + 301 redirect,Hadith Transmission & Rijāl Criticism,ʿIlm al-Rijāl,/ilm-al-rijal-case-study-hadith-science/,isnad-forensics,ʿILM AL-RIJĀL (علم الرجال),A radial transmitter network with one common-link node glowing gold and questionable paths in muted red.,ʿilm al-rijal; flawed science; case study
19,publish,Hadith Scholars Fulfilling Their Desires in Hadith,Desire and Hadith Fabrication Among Scholars,hadith-scholars-fulfilling-their-desires-in-hadith,desire-hadith-fabrication-among-scholars,Update title/slug + 301 redirect,Hadith Transmission & Rijāl Criticism,Desire and Hadith Fabrication Among Scholars,/desire-hadith-fabrication-among-scholars/,isnad-forensics,HADITH SCHOLARS FULFILLING THEIR DESIRES IN HADITH,A radial transmitter network with one common-link node glowing gold and questionable paths in muted red.,desires; fabrication motive; hadith scholars
20,publish,Exposing the False Use of 'Ummiyeen' in Hadith,“Ummiyyīn” in the Quran: Refuting a Hadith-Based Reading,exposing-the-false-use-of-ummiyeen-in-hadith,ummiyyin-quran-hadith-reading-refuted,Update title/slug + 301 redirect,Quranic Theology & Tafsir,“Ummiyyīn” in the Quran,/ummiyyin-quran-hadith-reading-refuted/,quranic-criterion,EXPOSING THE FALSE USE OF 'UMMIYEEN' IN HADITH,"A luminous Quranic folio panel centered against a dark grid, with external claims orbiting as faint labels.",ummiyyin; Quranic term; hadith misuse
21,publish,Hadith: The Prophet Was Bewitched By A Jew ... ?,Was the Prophet Bewitched by a Jew? A Hadith Critique,hadith-the-prophet-was-bewitched-by-a-jew,prophet-bewitched-jew-critique,Update title/slug + 301 redirect,Hadith Transmission & Rijāl Criticism,Was the Prophet Bewitched by a Jew? A Hadith Critique,/prophet-bewitched-jew-critique/,prophecy-dossier,THE PROPHET WAS BEWITCHED BY A JEW ... ?,"A chronological evidence board: date ticks, event cards, redacted prophecy quote, and manuscript dust.",bewitched Prophet; Jewish story; hadith
22,publish,The Abbasid Mahdi - The Black Banners & Abu Abbas Al-Saffah,"Abbasid Mahdi: Black Banners, al-Saffah, and Political Prophecy",the-abbasid-mahdi-the-black-banners-abu-abbas-al-saffah,abbasid-mahdi-black-banners-al-saffah-political-prophecy,Update title/slug + 301 redirect,"Prophecies, Eschatology & Miracle Claims",Abbasid Mahdi,/abbasid-mahdi-black-banners-al-saffah-political-prophecy/,prophecy-dossier,THE ABBASID MAHDI,Black banner shapes rising from a chronology strip labeled Abbasid revolution.,Abbasid Mahdi; black banners; al-Saffah
23,publish,Battle of The Isnads: Judaism vs. Christianity vs. Islam,"Battle of the Isnads: Judaism, Christianity, and Islam",battle-of-the-isnads-judaism-vs-christianity-vs-islam,battle-isnads-judaism-christianity-islam,Update title/slug + 301 redirect,Comparative Religion & Biblical Studies,Battle of the Isnads,/battle-isnads-judaism-christianity-islam/,isnad-forensics,BATTLE OF THE ISNADS: JUDAISM VS. CHRISTIANITY VS. ISLAM,A radial transmitter network with one common-link node glowing gold and questionable paths in muted red.,Judaism; Christianity; Islam; isnads
24,publish,Fabricated Hadith Prophecy: The Fire From Hijaz & The Eruption of 641 AD,Fire from Hijaz Hadith: The 641 AH Eruption and Prophecy,fabricated-hadith-prophecy-the-fire-from-hijaz-the-eruption-of-641-ad,fire-hijaz-hadith-641-ah-eruption-prophecy,Update title/slug + 301 redirect,"Prophecies, Eschatology & Miracle Claims",Fire from Hijaz Hadith,/fire-hijaz-hadith-641-ah-eruption-prophecy/,prophecy-dossier,THE FIRE FROM HIJAZ & THE ERUPTION OF 641 AD,"A chronological evidence board: date ticks, event cards, redacted prophecy quote, and manuscript dust.",Hijaz fire; eruption; prophecy
25,publish,Imām Abū Hanīfa - False Attributions,Imam Abu Hanifa and False Attributions,imam-abu-hanifa-false-attributions,imam-abu-hanifa-false-attributions,Keep slug,Hadith Transmission & Rijāl Criticism,Imam Abu Hanifa and False Attributions,/imam-abu-hanifa-false-attributions/,isnad-forensics,IMĀM ABŪ HANĪFA - FALSE ATTRIBUTIONS,A radial transmitter network with one common-link node glowing gold and questionable paths in muted red.,Abu Hanifa; false attribution
26,publish,Fabricated Hadith Prophecy: The Siege of Baghdad,Siege of Baghdad Hadith: A Fabricated Prophecy,fabricated-hadith-prophecy-the-siege-of-baghdad,siege-baghdad-hadith-fabricated-prophecy,Update title/slug + 301 redirect,"Prophecies, Eschatology & Miracle Claims",Siege of Baghdad Hadith,/siege-baghdad-hadith-fabricated-prophecy/,prophecy-dossier,THE SIEGE OF BAGHDAD,"A chronological evidence board: date ticks, event cards, redacted prophecy quote, and manuscript dust.",Baghdad; siege; prophecy
27,publish,Fabricated Hadith Prophecy: THE PROPHESIED RETURN OF DHUL-KHALASA,Dhul-Khalasa Return Hadith: A Fabricated Prophecy,fabricated-prophecy-the-prophecied-return-of-dhul-khalasa,dhul-khalasa-return-hadith-fabricated-prophecy,Update title/slug + 301 redirect,"Prophecies, Eschatology & Miracle Claims",Dhul-Khalasa Return Hadith,/dhul-khalasa-return-hadith-fabricated-prophecy/,prophecy-dossier,THE PROPHESIED RETURN OF DHUL-KHALASA,"A chronological evidence board: date ticks, event cards, redacted prophecy quote, and manuscript dust.",Dhul-Khalasa; prophecy
28,publish,Shia's Transmitting Hadith In Sahih Al-Bukhari ?!,Shia Transmitters in Sahih al-Bukhari,shias-transmitting-hadith-in-sahih-al-bukhari,shia-transmitters-sahih-al-bukhari,Update title/slug + 301 redirect,Hadith Transmission & Rijāl Criticism,Shia Transmitters in Sahih al-Bukhari,/shia-transmitters-sahih-al-bukhari/,isnad-forensics,SHIA'S TRANSMITTING HADITH IN SAHIH AL-BUKHARI ?!,A canonical volume silhouette opened into a forensic grid with one highlighted blind spot.,Shia transmitters; Bukhari; rijal
29,publish,Fabricated Hadith Prophecy: RETURN TO GREEN ARABIA,Green Arabia Hadith: A Fabricated Prophecy?,fabricated-hadith-prophecy-return-to-green-arabia,green-arabia-hadith-fabricated-prophecy,Update title/slug + 301 redirect,"Prophecies, Eschatology & Miracle Claims",Green Arabia Hadith,/green-arabia-hadith-fabricated-prophecy/,prophecy-dossier,RETURN TO GREEN ARABIA,"A chronological evidence board: date ticks, event cards, redacted prophecy quote, and manuscript dust.",Green Arabia; prophecy
30,publish,Fabricated Hadith Prophecy: THE KILLING OF 'UMAR & THE AFFLICTIONS,Killing of Umar and the Fitna: Fabricated Prophecy,fabricated-hadith-prophecy-the-killing-of-umar-the-afflictions,killing-umar-fitnfabricated-prophecy,Update title/slug + 301 redirect,"Prophecies, Eschatology & Miracle Claims",Killing of Umar and the Fitna,/killing-umar-fitnfabricated-prophecy/,prophecy-dossier,THE KILLING OF 'UMAR & THE AFFLICTIONS,"A chronological evidence board: date ticks, event cards, redacted prophecy quote, and manuscript dust.",Umar; afflictions; prophecy
31,publish,The Double Life of ʿAbbād ibn Yaʿqūb - The Sunni 12er,ʿAbbād ibn Yaʿqūb: The Sunni Twelver in Hadith Transmission,the-double-life-of-%ca%bfabbad-ibn-ya%ca%bfqub-the-sunni-12er,abbad-ibn-yaqub-sunni-twelver-hadith,Replace irrelevant/encoded slug + 301 redirect,Hadith Transmission & Rijāl Criticism,ʿAbbād ibn Yaʿqūb,/abbad-ibn-yaqub-sunni-twelver-hadith/,isnad-forensics,THE DOUBLE LIFE OF ʿABBĀD IBN YAʿQŪB - THE SUNNI 12ER,A radial transmitter network with one common-link node glowing gold and questionable paths in muted red.,ʿAbbad ibn Yaʿqub; Sunni/Twelver; transmitter
32,publish,Fabricated Hadith Prophecy: “HOLD ON TO THESE 6 THINGS THAT WILL OCCUR IN THE FUTURE”,“Hold On to Six Things”: A Fabricated Future Prophecy,fabricated-hadith-prophecy-hold-on-to-these-6-things-that-will-occur-in-the-future,hold-six-things-fabricated-future-prophecy,Shorten slug + 301 redirect,"Prophecies, Eschatology & Miracle Claims",“Hold On to Six Things”,/hold-six-things-fabricated-future-prophecy/,prophecy-dossier,“HOLD ON TO THESE 6 THINGS THAT WILL OCCUR IN THE FUT…,"A chronological evidence board: date ticks, event cards, redacted prophecy quote, and manuscript dust.",future events; six things; prophecy
33,publish,Fabricated Hadith Prophecy: THE THIRTY-YEAR REIGN,Thirty-Year Caliphate Hadith: A Fabricated Prophecy,fabricated-hadith-prophecy-the-thirty-year-reign,thirty-year-caliphate-hadith-fabricated-prophecy,Update title/slug + 301 redirect,"Prophecies, Eschatology & Miracle Claims",Thirty-Year Caliphate Hadith,/thirty-year-caliphate-hadith-fabricated-prophecy/,prophecy-dossier,THE THIRTY-YEAR REIGN,"A chronological evidence board: date ticks, event cards, redacted prophecy quote, and manuscript dust.",thirty-year reign; prophecy
34,publish,The Prophet Did Not Know The Future,Did the Prophet Know the Future? A Quranic Critique,the-prophet-did-not-know-the-future,did-prophet-know-future-quranic-critique,Update title/slug + 301 redirect,Quranic Theology & Tafsir,the Prophet Know the Future? A Quranic Critique,/did-prophet-know-future-quranic-critique/,prophecy-dossier,THE PROPHET DID NOT KNOW THE FUTURE,"A chronological evidence board: date ticks, event cards, redacted prophecy quote, and manuscript dust.",knowledge of future; prophetic limits
35,publish,Fabricated Hadith Prophecy: The Conquest of Constantinople,Conquest of Constantinople Hadith: A Fabricated Prophecy,fabricated-hadith-prophecy-the-conquest-of-constantinople,conquest-constantinople-hadith-fabricated-prophecy,Update title/slug + 301 redirect,"Prophecies, Eschatology & Miracle Claims",Conquest of Constantinople Hadith,/conquest-constantinople-hadith-fabricated-prophecy/,prophecy-dossier,THE CONQUEST OF CONSTANTINOPLE,"A chronological evidence board: date ticks, event cards, redacted prophecy quote, and manuscript dust.",Constantinople; prophecy
36,publish,"Points & Refutations Against: ""Beware of This Islamic Creator""",Refuting “Beware of This Islamic Creator”,points-refutations-against-beware-of-this-islamic-creator,refuting-beware-islamic-creator,Update title/slug + 301 redirect,Philosophy & Epistemology,Refuting “Beware of This Islamic Creator”,/refuting-beware-islamic-creator/,logic-lab,POINTS & REFUTATIONS AGAINST,"A clean argument diagram: premises, inference arrows, contradiction marker, and verification seal.",creator argument; refutations; apologetics
37,publish,Fallible Transmitters Transmitting Infallible Text (The Quran),Fallible Transmitters and the Infallible Quran,fallible-transmitters-transmitting-infallible-text-the-quran,fallible-transmitters-infallible-quran,Update title/slug + 301 redirect,Hadith Transmission & Rijāl Criticism,Fallible Transmitters and the Infallible Quran,/fallible-transmitters-infallible-quran/,quranic-criterion,FALLIBLE TRANSMITTERS TRANSMITTING INFALLIBLE TEXT (T…,"A luminous Quranic folio panel centered against a dark grid, with external claims orbiting as faint labels.",fallible transmitters; Quran transmission
38,publish,Ṣaḥīḥ al-Yahūd - The Parable of The Believer & The Citron,Sahih al-Yahud: The Believer and the Citron,%e1%b9%a3a%e1%b8%a5i%e1%b8%a5-al-yahud-the-parable-of-the-believer-the-citron,sahih-al-yahud-believer-citron,Replace irrelevant/encoded slug + 301 redirect,Comparative Religion & Biblical Studies,Sahih al-Yahud,/sahih-al-yahud-believer-citron/,comparative-manuscripts,ṢAḤĪḤ AL-YAHŪD,Facing manuscript pages with cross-reference threads and small marginal “source” tags.,Jewish source; citron parable; hadith borrowing
39,publish,Hisham ibn Urwa: The Man Who Stopped Menstruating Women From Praying,Hisham ibn Urwa and Menstruating Women in Prayer,hisham-ibn-urwa-the-man-who-stopped-menstruating-women-from-praying,hisham-ibn-urwa-menstruating-women-prayer,Update title/slug + 301 redirect,Ritual Practice & Legal Reform,Hisham ibn Urwa and Menstruating Women in Prayer,/hisham-ibn-urwa-menstruating-women-prayer/,isnad-forensics,HISHAM IBN URWA,A radial transmitter network with one common-link node glowing gold and questionable paths in muted red.,menstruation; prayer; Hisham ibn Urwa
40,publish,Abu Hurairah Lost The Zakat To a Jinn,"Abu Hurairah, Zakat, and the Jinn Report",abu-hurairah-lost-the-zakat-to-a-jinn,abu-hurairah-zakat-jinn-report,Update title/slug + 301 redirect,Hadith Transmission & Rijāl Criticism,"Abu Hurairah, Zakat, and the Jinn Report",/abu-hurairah-zakat-jinn-report/,isnad-forensics,ABU HURAIRAH LOST THE ZAKAT TO A JINN,A ledger table with corrupted columns and an overlaid Medinan seal.,Abu Hurairah; jinn; zakat report
41,publish,Isnad Politics: The Case of Al-A'mash and Hisham,Isnad Politics: al-Aʿmash and Hisham,isnad-politics-the-case-of-al-amash-and-hisham,isnad-politics-al-amash-hisham,Update title/slug + 301 redirect,Hadith Transmission & Rijāl Criticism,Isnad Politics,/isnad-politics-al-amash-hisham/,isnad-forensics,ISNAD POLITICS: THE CASE OF AL-A'MASH AND HISHAM,A radial transmitter network with one common-link node glowing gold and questionable paths in muted red.,isnad politics; al-Aʿmash; Hisham
42,publish,Ṣaḥīḥ al-Yahūd – Being Merciful To Inhabitants of Earth,Sahih al-Yahud: Mercy to the Inhabitants of Earth,%e1%b9%a3a%e1%b8%a5i%e1%b8%a5-al-yahud-being-merciful-to-inhabitants-of-earth,sahih-al-yahud-mercy-inhabitants-earth,Replace irrelevant/encoded slug + 301 redirect,Comparative Religion & Biblical Studies,Sahih al-Yahud,/sahih-al-yahud-mercy-inhabitants-earth/,comparative-manuscripts,ṢAḤĪḤ AL-YAHŪD – BEING MERCIFUL TO INHABITANTS OF EARTH,Facing manuscript pages with cross-reference threads and small marginal “source” tags.,Jewish source; mercy to earth; hadith borrowing
43,publish,Hudhayfah ibn al-Yaman & The False Story of 'The Keeper of Secrets',Hudhayfah ibn al-Yaman and the Keeper of Secrets Myth,hudhayfah-ibn-al-yaman-the-false-story-of-the-keeper-of-secrets,hudhayfah-ibn-al-yaman-keeper-secrets-myth,Update title/slug + 301 redirect,Hadith Transmission & Rijāl Criticism,Hudhayfah ibn al-Yaman and the Keeper of Secrets Myth,/hudhayfah-ibn-al-yaman-keeper-secrets-myth/,isnad-forensics,HUDHAYFAH IBN AL-YAMAN & THE FALSE STORY OF 'THE KEEP…,A radial transmitter network with one common-link node glowing gold and questionable paths in muted red.,Hudhayfah; keeper of secrets; false story
44,publish,"Flogging, Torture, and Transmission of Hadith","Flogging, Torture, and Hadith Transmission",flogging-torture-and-transmission-of-hadith,flogging-torture-hadith-transmission,Update title/slug + 301 redirect,Hadith Transmission & Rijāl Criticism,"Flogging, Torture, and Hadith Transmission",/flogging-torture-hadith-transmission/,isnad-forensics,"FLOGGING, TORTURE, AND TRANSMISSION OF HADITH",A radial transmitter network with one common-link node glowing gold and questionable paths in muted red.,coercion; torture; transmission reliability
45,publish,The Origin of Islamic Apostasy: The Slave of Ibn Abbas,Origin of the Apostasy Hadith: The Slave of Ibn Abbas,the-origin-of-islamic-apostasy-the-slave-of-ibn-abbas,origin-apostasy-hadith-slave-ibn-abbas,Update title/slug + 301 redirect,Hadith Transmission & Rijāl Criticism,Origin of the Apostasy Hadith,/origin-apostasy-hadith-slave-ibn-abbas/,isnad-forensics,THE ORIGIN OF ISLAMIC APOSTASY: THE SLAVE OF IBN ABBAS,"A severed legal verdict stamp over a single narrator-node labeled IKRIMA, with a broken chain descending from Ibn ʿAbbās.",apostasy; Ikrima; Ibn Abbas
46,publish,Al-A'mash Did Not Want You To Beat Yourself For Husayn,"al-Aʿmash, Husayn, and Anti-Shiʿi Polemic",al-amash-did-not-want-you-to-beat-yourself-for-husayn,al-amash-husayn-anti-shii-polemic,Update title/slug + 301 redirect,Hadith Transmission & Rijāl Criticism,"al-Aʿmash, Husayn, and Anti-Shiʿi Polemic",/al-amash-husayn-anti-shii-polemic/,isnad-forensics,AL-A'MASH DID NOT WANT YOU TO BEAT YOURSELF FOR HUSAYN,A radial transmitter network with one common-link node glowing gold and questionable paths in muted red.,al-Aʿmash; Husayn; sectarian hadith
47,publish,A Case Study of Ibn Abbas & Ikrima in The Muwatta,Ibn Abbas and Ikrima in the Muwatta: A Case Study,a-case-study-of-ibn-abbas-ikrima-in-the-muwatta,ibn-abbas-ikrima-muwatta-case-study,Update title/slug + 301 redirect,Hadith Transmission & Rijāl Criticism,Ibn Abbas and Ikrima in the Muwatta,/ibn-abbas-ikrima-muwatta-case-study/,isnad-forensics,A CASE STUDY OF IBN ABBAS & IKRIMA IN THE MUWATTA,A Medinan practice seal over a transmission map; one dotted chain is highlighted in amber.,Ibn Abbas; Ikrima; Muwatta case study
48,publish,Hadith Logically Can Not Be Considered 'Wahi'.,Can Hadith Be Wahi? A Logical Critique,hadith-logically-can-not-be-considered-wahi,can-hadith-wahi-logical-critique,Update title/slug + 301 redirect,Philosophy & Epistemology,Can Hadith Be Wahi? A Logical Critique,/can-hadith-wahi-logical-critique/,logic-lab,HADITH LOGICALLY CAN NOT BE CONSIDERED 'WAHI'.,"A clean argument diagram: premises, inference arrows, contradiction marker, and verification seal.",wahi; logical critique; authority
49,publish,False Verses Added Into The Mushaf - An Umayyad Exposé,False Verses in the Mushaf: An Umayyad Exposé,false-verses-added-into-the-mushaf-an-umayyad-expose,false-verses-mushaf-umayyad-expose,Update title/slug + 301 redirect,Quranic Theology & Tafsir,False Verses in the Mushaf,/false-verses-mushaf-umayyad-expose/,quranic-criterion,FALSE VERSES ADDED INTO THE MUSHAF - AN UMAYYAD EXPOSÉ,"A luminous Quranic folio panel centered against a dark grid, with external claims orbiting as faint labels.",mushaf; false verses; Umayyad expose
50,publish,Ibn Taymiyah's Views on Arab Superiority,Ibn Taymiyyah on Arab Superiority,ibn-taymiyahs-views-on-arab-superiority,ibn-taymiyyah-arab-superiority,Update title/slug + 301 redirect,Quranic Theology & Tafsir,Ibn Taymiyyah on Arab Superiority,/ibn-taymiyyah-arab-superiority/,quranic-criterion,IBN TAYMIYAH'S VIEWS ON ARAB SUPERIORITY,"A luminous Quranic folio panel centered against a dark grid, with external claims orbiting as faint labels.",Arab superiority; Ibn Taymiyyah; race theology
51,publish,Bukhari's Blind Spot: The Problem of Aisha's Pre-Birth Narrations,Bukhari’s Blind Spot: Aisha’s Pre-Birth Narrations,bukharis-blind-spot-the-problem-of-aishas-pre-birth-narrations,bukharis-blind-spot-aishas-pre-birth-narrations,Update title/slug + 301 redirect,Hadith Transmission & Rijāl Criticism,Bukhari’s Blind Spot,/bukharis-blind-spot-aishas-pre-birth-narrations/,isnad-forensics,BUKHARI'S BLIND SPOT,A canonical volume silhouette opened into a forensic grid with one highlighted blind spot.,Aisha; pre-birth narrations; Bukhari
52,publish,Quran-Centrism Does NOT Work,Quran-Centrism Does Not Work? A Response,quran-centrism-does-not-work,quran-centrism-does-not-work-response,Update title/slug + 301 redirect,Philosophy & Epistemology,Quran-Centrism Does Not Work? A Response,/quran-centrism-does-not-work-response/,quranic-criterion,QURAN-CENTRISM DOES NOT WORK,"A luminous Quranic folio panel centered against a dark grid, with external claims orbiting as faint labels.",Quran-centrism; critique; methodology
53,publish,The Fraud of Bukhari's 'Fourth Criterion',Bukhari’s Fourth Criterion: A Critical Examination,the-fraud-of-bukharis-fourth-criterion,bukharis-fourth-criterion-critical-examination,Update title/slug + 301 redirect,Hadith Transmission & Rijāl Criticism,Bukhari’s Fourth Criterion,/bukharis-fourth-criterion-critical-examination/,isnad-forensics,THE FRAUD OF BUKHARI'S 'FOURTH CRITERION',A canonical volume silhouette opened into a forensic grid with one highlighted blind spot.,Bukhari; fourth criterion; methodology
54,publish,"“The Companions All Agreed!” – No, They Didn’t.",Did All the Companions Agree? A Critique of Ijmāʿ Claims,the-companions-all-agreed-no-they-didnt,companions-agreed-ijma-critique,Update title/slug + 301 redirect,"Legal Theory, Madhhabs & Juristic Authority",All the Companions Agree? A Critique of Ijmāʿ Claims,/companions-agreed-ijma-critique/,legal-edifice,"“THE COMPANIONS ALL AGREED!” – NO, THEY DIDN’T.","A legal-theory architecture diagram: columns labeled Sunnah, ijmāʿ, qiyās, with cracks in the foundation.",companion consensus; ijmaʿ; legal authority
55,publish,The Myth of the 'Ten Promised Paradise' Hadith,Ten Promised Paradise Hadith: Myth and Transmission,the-myth-of-the-ten-promised-paradise-hadith,ten-promised-paradise-hadith-myth-transmission,Update title/slug + 301 redirect,Quranic Theology & Tafsir,Ten Promised Paradise Hadith,/ten-promised-paradise-hadith-myth-transmission/,quranic-criterion,THE MYTH OF THE 'TEN PROMISED PARADISE' HADITH,"A luminous Quranic folio panel centered against a dark grid, with external claims orbiting as faint labels.",ten promised paradise; salvation doctrine
56,publish,Quran 22:15: Suicide or Salvation?,Quran 22:15: Suicide or Salvation?,quran-2215-suicide-or-salvation,quran-22-15-suicide-or-salvation,Keep slug,Quranic Theology & Tafsir,Quran 22,/quran-22-15-suicide-or-salvation/,quranic-criterion,QURAN 22:15: SUICIDE OR SALVATION?,"A luminous Quranic folio panel centered against a dark grid, with external claims orbiting as faint labels.",Quran 22:15; tafsir
57,publish,The Traditional Distortion of 4:3 - Polygamy,Quran 4:3 and Polygamy: The Traditional Distortion,the-traditional-distortion-of-43-polygamy,quran-4-3-polygamy-traditional-distortion,Update title/slug + 301 redirect,Ritual Practice & Legal Reform,Quran 4,/quran-4-3-polygamy-traditional-distortion/,quranic-criterion,THE TRADITIONAL DISTORTION OF 4:3 - POLYGAMY,"Quran 4:3 displayed as a branching guardianship diagram, not generic marriage imagery.",polygamy; Quran 4:3; legal distortion
58,publish,Before Madhabs - Dirār’s Stance Against Hadith,Before the Madhhabs: Dirār’s Stance Against Hadith,before-madhabs-dirars-stance-against-hadith,before-madhhabs-dirars-stance-against-hadith,Update title/slug + 301 redirect,"Legal Theory, Madhhabs & Juristic Authority",Before the Madhhabs,/before-madhhabs-dirars-stance-against-hadith/,legal-edifice,BEFORE MADHABS - DIRĀR’S STANCE AGAINST HADITH,"A legal-theory architecture diagram: columns labeled Sunnah, ijmāʿ, qiyās, with cracks in the foundation.",Dirar; before madhhabs; hadith critique
59,publish,"Reflections After Reading al-Shāfiʿī’s ""Kitāb Jāmiʿ al-ʿIlm""","al-Shāfiʿī, Jāmiʿ al-ʿIlm, and the Quranist Debate",shafii-quranist-debate-critique,al-shafii-jami-al-ilm-quranist-debate,Update title/slug + 301 redirect,"Legal Theory, Madhhabs & Juristic Authority","al-Shāfiʿī, Jāmiʿ al-ʿIlm, and the Quranist Debate",/al-shafii-jami-al-ilm-quranist-debate/,quranic-criterion,"REFLECTIONS AFTER READING AL-SHĀFIʿĪ’S ""KITĀB JĀMIʿ A…","A juristic edifice made of stacked blocks labeled ḥadīth, ijmāʿ, qiyās, naskh; one block misaligned.",al-Shafiʿi; Quranist debate; usul
60,publish,Exposing Flaws in Dr. Shadee Elmasry’s Hadith Defense,Shadee Elmasry’s Hadith Defense: A Critical Response,exposing-flaws-in-dr-shadee-elmasrys-hadith-defense,shadee-elmasrys-hadith-defense-critical-response,Update title/slug + 301 redirect,Philosophy & Epistemology,Shadee Elmasry’s Hadith Defense,/shadee-elmasrys-hadith-defense-critical-response/,logic-lab,EXPOSING FLAWS IN DR. SHADEE ELMASRY’S HADITH DEFENSE,"A clean argument diagram: premises, inference arrows, contradiction marker, and verification seal.",Western epistemology; hadith defense; Shadee Elmasry
61,publish,"The Concept of ""Established Practice""",Established Practice in Islamic Law: A Quranic Critique,the-concept-of-established-practice,established-practice-islamic-law-quranic-critique,Update title/slug + 301 redirect,Ritual Practice & Legal Reform,Established Practice in Islamic Law,/established-practice-islamic-law-quranic-critique/,ritual-diagram,"THE CONCEPT OF ""ESTABLISHED PRACTICE""",A practical ritual schematic with compass/grid geometry and correction marks.,established practice; prayer without hadith
62,publish,Al-Shāfiʿī's Argument For Probabilistic Hadith - Refuted.,al-Shāfiʿī’s Probabilistic Hadith Argument Refuted,al-shafi%ca%bfis-argument-for-probabilistic-hadith-refuted,al-shafii-probabilistic-hadith-refuted,Replace irrelevant/encoded slug + 301 redirect,"Legal Theory, Madhhabs & Juristic Authority",al-Shāfiʿī’s Probabilistic Hadith Argument Refuted,/al-shafii-probabilistic-hadith-refuted/,legal-edifice,AL-SHĀFIʿĪ'S ARGUMENT FOR PROBABILISTIC HADITH,"A juristic edifice made of stacked blocks labeled ḥadīth, ijmāʿ, qiyās, naskh; one block misaligned.",probabilistic hadith; al-Shafiʿi; zann
63,publish,"The Resurrection's 500 Witnesses? One Chain, Not 500.","Resurrection’s 500 Witnesses: One Chain, Not 500",the-resurrections-500-witnesses-one-chain-not-500,resurrections-500-witnesses-one-chain-not-500,Update title/slug + 301 redirect,Comparative Religion & Biblical Studies,Resurrection’s 500 Witnesses,/resurrections-500-witnesses-one-chain-not-500/,isnad-forensics,"THE RESURRECTION'S 500 WITNESSES? ONE CHAIN, NOT 500.",A “500 witnesses” claim reduced to one single-chain diagram node.,resurrection; 500 witnesses; isnad critique
64,publish,Whitewashing al-Zuhri — and Why It Fails,Whitewashing al-Zuhri: Why It Fails,whitewashing-al-zuhri-and-why-it-fails,whitewashing-al-zuhri-why-fails,Update title/slug + 301 redirect,Hadith Transmission & Rijāl Criticism,Whitewashing al-Zuhri,/whitewashing-al-zuhri-why-fails/,isnad-forensics,WHITEWASHING AL-ZUHRI — AND WHY IT FAILS,A court historian file card with erased margins and a highlighted transmitter node.,al-Zuhri; super-proliferator; rijal
65,publish,The Quranic Warning Fulfilled: Scholars as Legislative Lords,Scholars as Legislative Lords: The Quranic Warning Fulfilled,the-quranic-warning-fulfilled-scholars-as-legislative-lords,scholars-legislative-lords-quranic-warning-fulfilled,Update title/slug + 301 redirect,"Legal Theory, Madhhabs & Juristic Authority",Scholars as Legislative Lords,/scholars-legislative-lords-quranic-warning-fulfilled/,quranic-criterion,THE QURANIC WARNING FULFILLED,"A luminous Quranic folio panel centered against a dark grid, with external claims orbiting as faint labels.",scholars as lords; legislation; 9:31
66,publish,Hume’s Problem of Induction vs. Hadith,Hume’s Problem of Induction and Hadith,humes-problem-of-induction-vs-hadith,humes-problem-induction-hadith,Update title/slug + 301 redirect,Philosophy & Epistemology,Hume’s Problem of Induction and Hadith,/humes-problem-induction-hadith/,logic-lab,HUME’S PROBLEM OF INDUCTION VS. HADITH,"A probability curve collapsing into an isnād chain, with “INDUCTION” as the header.",Hume; induction; hadith reliability
67,publish,Wittgenstein’s 'Beetle' in the Isnād,Wittgenstein’s Beetle in the Isnad,wittgensteins-beetle-in-the-isnad,wittgensteins-beetle-isnad,Update title/slug + 301 redirect,Philosophy & Epistemology,Wittgenstein’s Beetle in the Isnad,/wittgensteins-beetle-isnad/,isnad-forensics,WITTGENSTEIN’S 'BEETLE' IN THE ISNĀD,A sealed black box labeled “PRIVATE REPORT” beside a beetle-line icon and narrator chain.,Wittgenstein; private language; isnad
68,publish,The Sunni-Quranic Abrogation Dilemma,Sunni Abrogation and the Quran: The Legal Dilemma,the-sunni-quranic-abrogation-dilemma,sunni-abrogation-quran-legal-dilemma,Update title/slug + 301 redirect,"Legal Theory, Madhhabs & Juristic Authority",Sunni Abrogation and the Quran,/sunni-abrogation-quran-legal-dilemma/,quranic-criterion,THE SUNNI-QURANIC ABROGATION DILEMMA,"Two manuscript leaves marked “verse” and “report,” with the report attempting to overwrite the verse.",abrogation; naskh; Sunni dilemma
69,publish,How the Legal Islamic Class Invented Their Own Divine Reward,How Islamic Legal Scholars Invented Divine Reward,how-the-legal-islamic-class-invented-their-own-divine-reward,how-islamic-legal-scholars-invented-divine-reward,Update title/slug + 301 redirect,"Legal Theory, Madhhabs & Juristic Authority",How Islamic Legal Scholars Invented Divine Reward,/how-islamic-legal-scholars-invented-divine-reward/,legal-edifice,HOW THE LEGAL ISLAMIC CLASS INVENTED THEIR OWN DIVINE…,"A legal-theory architecture diagram: columns labeled Sunnah, ijmāʿ, qiyās, with cracks in the foundation.",legal class; ijtihad; divine reward
70,publish,Sunnis Have Disbelieved in 5:3 of The Quran.,Did Sunnis Disbelieve in Quran 5:3?,sunnis-have-disbelieved-in-53-of-the-quran,sunnis-disbelieved-quran-5-3,Update title/slug + 301 redirect,"Legal Theory, Madhhabs & Juristic Authority",Sunnis Disbelieve in Quran 5,/sunnis-disbelieved-quran-5-3/,quranic-criterion,SUNNIS HAVE DISBELIEVED IN 5:3 OF THE QURAN.,"A luminous Quranic folio panel centered against a dark grid, with external claims orbiting as faint labels.",Quran 5:3; completion; legal authority
71,publish,The Day They Seated the Prophet Besides God (literally),Seating the Prophet Beside God: A Hadith Critique,the-day-they-seated-the-prophet-besides-god-literally,seating-prophet-beside-god-critique,Update title/slug + 301 redirect,Quranic Theology & Tafsir,Seating the Prophet Beside God,/seating-prophet-beside-god-critique/,prophecy-dossier,THE DAY THEY SEATED THE PROPHET BESIDES GOD (LITERALLY),"A chronological evidence board: date ticks, event cards, redacted prophecy quote, and manuscript dust.",maqam mahmud; throne; anthropomorphism
72,publish,More on: The Fabricated 'Baghdad' Hadith Prophecy,Baghdad Hadith Prophecy: More Evidence of Fabrication,more-on-the-fabricated-baghdad-hadith-prophecy,baghdad-hadith-prophecy-more-evidence-fabrication,Update title/slug + 301 redirect,"Prophecies, Eschatology & Miracle Claims",Baghdad Hadith Prophecy,/baghdad-hadith-prophecy-more-evidence-fabrication/,isnad-forensics,MORE ON: THE FABRICATED 'BAGHDAD' HADITH PROPHECY,A radial transmitter network with one common-link node glowing gold and questionable paths in muted red.,Baghdad; Saʿid ibn Jumhan; prophecy
73,publish,Most Popular Hadith Website (Sunnah.com) Caught Manipulating Hadith,Sunnah.com and the Green Arabia Hadith Translation Change,green-arabia-hadith-sunnah-com-translation-change-fabrication,sunnah-com-green-arabia-hadith-translation-change,Update title/slug + 301 redirect,"Prophecies, Eschatology & Miracle Claims",Sunnah.com and the Green Arabia Hadith,/sunnah-com-green-arabia-hadith-translation-change/,prophecy-dossier,MOST POPULAR HADITH WEBSITE (SUNNAH.COM) CAUGHT MANIP…,"A chronological evidence board: date ticks, event cards, redacted prophecy quote, and manuscript dust.",Green Arabia; Sunnah.com; translation manipulation
74,publish,The Quranic Epistemology of Verification (Q. 49:6),Quran 49:6 and the Epistemology of Verification,the-quranic-epistemology-of-verification,quran-49-6-epistemology-verification,Update title/slug + 301 redirect,Philosophy & Epistemology,Quran 49,/quran-49-6-epistemology-verification/,quranic-criterion,THE QURANIC EPISTEMOLOGY OF VERIFICATION (Q. 49:6),"A verification pipeline: report → check → criterion, with Quran 49:6 as a small gold label.",Quranic epistemology; verification; Q49:6
